INSERT INTO `journal_details` (`journalDetailId`, `journalEntryId`, `ledgerUuid`, `amount`, `journalReferenceUuid`) VALUES
    (213, 111, '001050c4-dac7-4713-a48f-321960aae494', '-428.92', NULL),
    (214, 111, '438c402b-124f-4870-a207-1fe2596bd7fe', '428.92', NULL),
    (215, 112, '0a7a8c19-4be8-4fd6-8938-0ebdf437436f', '100.38', NULL),
    (216, 112, 'a5f4c118-862e-4939-ab95-4645f9f806c6', '-100.38', NULL),
    (217, 113, '5a5c1af9-b47d-414d-884f-909355dd83ee', '132.19', NULL),
    (218, 113, '0afcafad-9a6f-4882-8840-56a8eb949069', '-132.19', NULL),
    (219, 114, '7e92bb6d-8295-4e95-b62f-63d123a87b3e', '430.04', NULL),
    (220, 114, 'b15f7af7-797e-4b5d-ba5c-3949e8c0cbd4', '-430.04', NULL),
    (221, 115, '843e99b2-29a7-47a5-a20f-879a428b42d6', '678.86', NULL),
    (222, 115, 'c099fa45-b586-4f9c-970e-0717fc1e9430', '-678.86', NULL),
    (223, 116, 'caf83c3a-a6a7-40f8-8d57-390bf6020e9c', '-240.90', NULL),
    (224, 116, '7200698c-4acf-41d9-b614-9ba026783b53', '240.90', NULL),
    (225, 117, 'f0f31403-4e4b-48ac-b768-32aef7a88a42', '789.55', NULL),
    (226, 117, '09ff16d9-4141-4dcd-8b8b-b23d6fb405ad', '-789.55', NULL),
    (227, 118, '0032b3a8-4851-4315-82dd-531af703712a', '911.79', NULL),
    (228, 118, 'f97ad12d-9aab-4dd5-a2b8-daf512e9851e', '-911.79', NULL),
    (229, 119, 'ef98ca02-2792-47e9-a38e-12b6cf184686', '862.26', NULL),
    (230, 119, '967b614c-f72e-4c82-8c73-18ec987d7afb', '-862.26', NULL),
    (231, 120, 'e10fff47-aa03-4ad8-bbeb-23916272bf3e', '245.35', NULL),
    (232, 120, 'fd053b2e-c15d-4ca3-886e-27dbb0d8547e', '-245.35', NULL),
    (233, 121, 'f2622d90-f587-470e-b98c-34513e84fcce', '-955.70', NULL),
    (234, 121, '1a580e6b-2328-47de-a943-74533ad4d2d2', '955.70', NULL),
    (235, 122, '18825868-303c-4c0c-ae70-cc0e98021f9c', '510.87', NULL),
    (236, 122, '64a9da65-a55e-481a-b5b3-eb26e2d76b3f', '-510.87', NULL),
    (237, 123, '4f4e5d33-b0e2-4abc-a76b-321af168d208', '-850.74', NULL),
    (238, 123, '8ec06635-7390-4278-b4cd-ae7681015516', '850.74', NULL),
    (239, 124, '53d772ec-ca64-4b2e-8c5f-5e41ef9c2193', '-796.74', NULL),
    (240, 124, '069c44b9-8ddb-4eee-a7b9-cf116f519410', '796.74', NULL),
    (241, 125, '721b8c9c-b775-4f77-8a92-877829187c3c', '-298.66', NULL),
    (242, 125, '0297eafb-e06b-4fce-a366-e886c4433708', '298.66', NULL),
    (243, 126, '136ee121-7a9c-427c-8326-f4ed086c6e96', '-78.02', NULL),
    (244, 126, 'e309c9fb-2cbc-45c7-a802-e25d1bb6a720', '78.02', NULL),
    (245, 127, 'e4e12fd2-a020-4535-a2a7-bdf469ae9615', '-362.48', NULL),
    (246, 127, 'da51b8f0-c7fd-46ee-a27f-22f6b91116a0', '362.48', NULL),
    (247, 128, 'a3b24966-1ed2-4bb6-bfcd-f497f2ece126', '414.43', NULL),
    (248, 128, '7461ddcf-9bde-4d99-ac5a-3c184386aef1', '-414.43', NULL),
    (249, 129, 'e1641813-8a18-463e-b389-6823cae5d590', '486.93', NULL),
    (250, 129, '196bfe44-d5c6-4473-aed8-1cc7d787c6cd', '-486.93', NULL),
    (251, 130, 'a1cd9de2-ec61-4266-a809-506986c36c58', '191.82', NULL),
    (252, 130, '88065d05-dd35-449c-90c5-ef97911a5190', '-191.82', NULL),
    (253, 131, 'd76a195c-3681-45e0-8b62-cc74874ff4b4', '8.96', NULL),
    (254, 131, '3c3afa3e-1557-493f-bcb5-2af072e67a08', '-8.96', NULL),
    (255, 132, '7fb4b578-369a-457a-8ea9-ff738ef76e6c', '573.13', NULL),
    (256, 132, '007e499d-fc5d-4f02-a30f-09342cad8b06', '-573.13', NULL),
    (257, 133, '061dc8bc-8cfd-4a9c-9bce-723709f9245b', '846.76', NULL),
    (258, 133, '223941a3-7062-419b-bfab-b1980699d259', '-846.76', NULL),
    (259, 134, '35b4771b-1254-4e4c-be4f-32ea81100d3a', '-723.56', NULL),
    (260, 134, '23e61184-2b83-45af-ad03-1dbb21b571bd', '723.56', NULL),
    (261, 135, 'bfd92009-a5e5-499e-8b33-f774f5b2bcc9', '675.32', NULL),
    (262, 135, 'db12d8ad-2bf2-4501-8dac-87f600418111', '-675.32', NULL),
    (263, 136, 'ad0e3c48-c537-42b0-9dd1-03b55bbc6573', '22.68', NULL),
    (264, 136, '4838ab2f-7396-4b0f-8fba-16f4aa5d10f0', '-22.68', NULL),
    (265, 137, '7477f8a1-097c-4906-8144-8b7a407f798a', '603.17', NULL),
    (266, 137, '6fcc7279-4cad-4b51-9a7f-5dfaf28a2b29', '-603.17', NULL),
    (267, 138, '18736fd8-3f5f-49a0-8a48-03708a4b01e7', '445.40', NULL),
    (268, 138, '1df7c60e-be1d-49f2-9b7f-1538d0899bc4', '-445.40', NULL),
    (269, 139, '207f2b72-6f7e-49fa-862a-665308f11eb0', '-263.27', NULL),
    (270, 139, '79378440-cead-46e3-937b-42f55644dbc6', '263.27', NULL),
    (271, 140, '62f69f63-da07-44c6-8133-bdba1a99d97f', '-966.01', NULL),
    (272, 140, '8a982266-f294-4cb5-a655-b6af70196466', '966.01', NULL),
    (273, 141, '98accb40-2095-484d-b9d9-1d9ef044144d', '688.27', NULL),
    (274, 141, '774569b5-5738-4a9f-a76d-36f28c28c6b2', '-688.27', NULL),
    (275, 142, 'a9067293-e109-4f8c-bd65-3e0404ab2c2c', '-478.32', NULL),
    (276, 142, '96acc346-f4fa-4661-9581-85c7b03f5acf', '478.32', NULL),
    (277, 143, '2e62ce3d-b146-4db2-8ada-73ee783c98a4', '-22.01', NULL),
    (278, 143, 'd7c619e7-e634-4511-aee7-2fc7c2f24f01', '22.01', NULL),
    (279, 144, 'f5878075-fed5-4101-9620-b16ef9b7b1a4', '974.39', NULL),
    (280, 144, '50c3dfca-b603-41ea-878d-b1ac036c7043', '-974.39', NULL),
    (281, 145, 'd504e08f-359a-4c20-b7f4-abf8b142d49f', '615.64', NULL),
    (282, 145, 'f38a2c20-e83d-45d1-8fb2-a8a765f5bd6c', '-615.64', NULL),
    (283, 146, '66b8ecb2-d399-4018-8e87-b1f5f9840aa7', '192.68', NULL),
    (284, 146, '954c5a22-ef93-45ee-891b-393f0e9e2fec', '-192.68', NULL),
    (285, 147, '8a469847-a1b0-4d22-a616-097637f8f4f6', '628.18', NULL),
    (286, 147, 'a7eaea83-769c-46d3-8477-2aa13926dded', '-628.18', NULL),
    (287, 148, 'c733d260-b073-49e3-a030-8f0b31785862', '485.82', NULL),
    (288, 148, 'd5bb01b8-9faf-4dbc-a36e-9aedfcd0dc74', '-485.82', NULL),
    (289, 149, '4092e8f4-374b-476c-aaa3-ca71ad359390', '236.59', NULL),
    (290, 149, '2416d1f4-0f2b-4e77-8ae7-7b1c827e48f7', '-236.59', NULL),
    (291, 150, 'b6cc63ae-6c38-4033-b516-dc3d23cd5506', '-601.70', NULL),
    (292, 150, '8b9bafbf-549d-4f2f-a0fd-c95970033c77', '601.70', NULL),
    (293, 151, '34457701-68f1-40ec-9dd5-494f5463a17c', '728.07', NULL),
    (294, 151, 'f653e455-84c5-4422-b01c-7b800da2f91a', '-728.07', NULL),
    (295, 152, 'f9f7940b-4e56-44fa-9789-c023783eb3e0', '-594.74', NULL),
    (296, 152, '2eab2af5-44da-42e9-b621-559f7ef45809', '594.74', NULL),
    (297, 153, 'f4f898fc-a9e0-438c-afab-ef948f58ec28', '274.07', NULL),
    (298, 153, '70a62e6e-9563-4b8b-9942-847c91573a84', '-274.07', NULL),
    (299, 154, '772cd060-2ad3-45dd-9a7d-8115ea2ba42e', '-733.25', NULL),
    (300, 154, '696bb543-0b20-456e-b60e-b119f4b3570c', '733.25', NULL),
    (301, 155, 'd58f8970-de65-43bd-b4c5-e3b105418c7a', '945.55', NULL),
    (302, 155, 'b1ec0532-7834-4ac6-8b83-6fb378a9f4e2', '-945.55', NULL),
    (303, 156, '492a8e4d-b8b1-4b35-943e-2bb9ba7fa055', '-349.23', NULL),
    (304, 156, '1b71c79a-68de-4340-a71e-7f5f52c93df9', '349.23', NULL),
    (305, 157, '74881650-2769-491b-b2d3-2d9d9de4b392', '-880.50', NULL),
    (306, 157, 'f2aa66e6-3b2c-408a-9edb-94100964a254', '880.50', NULL),
    (307, 158, '46110285-0db3-4dc9-90af-57d56c39d8ef', '131.02', NULL),
    (308, 158, 'bc2fd3f7-6cc1-4511-b4d8-ce104ca311fb', '-131.02', NULL),
    (309, 159, '3d91954e-c524-4bba-b410-e0e213bd5832', '914.40', NULL),
    (310, 159, 'a4df5e1b-0310-42c1-9602-75f06ea6a92a', '-914.40', NULL),
    (311, 160, 'd47d1904-2828-45f9-a050-40cd2a9bfbe6', '-377.55', NULL),
    (312, 160, '39765f54-fcd1-4943-b6e3-32545cc42883', '377.55', NULL),
    (313, 161, '569b23c0-73ea-4ad3-adb9-2dbac0ea303d', '-922.58', NULL),
    (314, 161, '5e5e42c2-732a-4251-abc7-d88e6703e308', '922.58', NULL),
    (315, 162, '5020e42b-7e7e-4dc9-b965-4f5d1c590223', '198.18', NULL),
    (316, 162, '01a25090-5252-4b77-acd4-96ada0f43d9a', '-198.18', NULL),
    (317, 163, '73b086ca-c82b-4d5e-b20c-25475a77d652', '-740.09', NULL),
    (318, 163, '65852432-1cb9-456e-a943-48abb35cba5e', '740.09', NULL),
    (319, 164, '0c4e1088-4616-472a-b6d9-4e81e94c6717', '711.20', NULL),
    (320, 164, 'b38294b2-8c8e-4a57-af2f-55f412e800b9', '-711.20', NULL),
    (321, 165, 'b8287604-70a4-4a74-b098-236a6c41ef52', '702.42', NULL),
    (322, 165, '1439085f-d11c-4b51-b795-08138bbba863', '-702.42', NULL),
    (323, 166, '2f2b2eec-4820-4db1-a8fc-dfebc9e67120', '470.97', NULL),
    (324, 166, '608b9462-bda1-4fb2-9d37-8751ab990e38', '-470.97', NULL),
    (325, 167, 'd51b1ca8-5234-4087-8406-89a22352954d', '449.06', NULL),
    (326, 167, 'd905947c-3d56-413d-8ce8-4a8ea779aeba', '-449.06', NULL),
    (327, 168, '87faf93d-59b2-4fba-94b4-4f3d870b5333', '-40.45', NULL),
    (328, 168, 'd8dfac70-ba9e-4565-8585-4aee07a979b3', '40.45', NULL),
    (329, 169, '0b6f71d9-3c70-49a2-9b80-ef15a80ef2c3', '-717.00', NULL),
    (330, 169, 'af2c583a-fb97-4712-8c1f-8377b80270c2', '717.00', NULL),
    (331, 170, 'dbed7187-e654-41ee-898a-b6fc89518a7c', '-473.85', NULL),
    (332, 170, '80f6e7c7-3116-4cf1-b805-9178919c231e', '473.85', NULL),
    (333, 171, '384085a0-434c-479b-9006-27ea1ffcac4a', '725.60', NULL),
    (334, 171, '99c04613-154d-4c78-894f-b81b5a2b4cf6', '-725.60', NULL),
    (335, 172, '61162dfc-7729-439a-8608-61ccb141041a', '692.22', NULL),
    (336, 172, 'dbb7a4e5-54b7-4895-90aa-bb2f9978db07', '-692.22', NULL),
    (337, 173, 'fd025a00-8ba8-47bb-8f40-08d7e9c1c2c5', '857.16', NULL),
    (338, 173, 'f34d6b37-5a20-42c1-a4f0-39ca1669d5aa', '-857.16', NULL),
    (339, 174, '93b0e9a1-bdb1-47d2-90f1-9374d52372ab', '-188.08', NULL),
    (340, 174, 'b1313a47-1817-4feb-8956-a5e05e1a27e4', '188.08', NULL),
    (341, 175, 'ad3df562-f848-409a-86d6-f7abccc8d2f9', '-214.57', NULL),
    (342, 175, 'f84181e6-acbe-4fca-b906-941f0169afb6', '214.57', NULL),
    (343, 176, 'd1caad45-f833-42c9-af64-4b692428a21d', '-165.60', NULL),
    (344, 176, '0b0c1450-1612-42a9-bc88-9cf586caf118', '165.60', NULL),
    (345, 177, '42dfda44-20ca-48a3-a173-a31bad989e77', '-123.97', NULL),
    (346, 177, '24bd8f28-65ad-4bcc-83fd-9c40e1ef6838', '123.97', NULL),
    (347, 178, 'c01442eb-5f39-4608-acd4-b1c5e817f18e', '-729.23', NULL),
    (348, 178, '08bdb94e-8963-48ef-93b9-d4304cd9f180', '729.23', NULL),
    (349, 179, '0ae4b7cd-3e15-4fba-ab88-583547d6eefe', '16.28', NULL),
    (350, 179, '019760bb-a65c-4749-b25e-47d01fd56017', '-16.28', NULL),
    (351, 180, 'ef98ca02-2792-47e9-a38e-12b6cf184686', '-63.24', NULL),
    (352, 180, '74881650-2769-491b-b2d3-2d9d9de4b392', '63.24', NULL),
    (353, 181, 'f0f31403-4e4b-48ac-b768-32aef7a88a42', '-974.02', NULL),
    (354, 181, 'af2c583a-fb97-4712-8c1f-8377b80270c2', '974.02', NULL),
    (355, 182, '0032b3a8-4851-4315-82dd-531af703712a', '-38.94', NULL),
    (356, 182, '8ec06635-7390-4278-b4cd-ae7681015516', '38.94', NULL),
    (357, 183, '136ee121-7a9c-427c-8326-f4ed086c6e96', '426.99', NULL),
    (358, 183, '5020e42b-7e7e-4dc9-b965-4f5d1c590223', '-426.99', NULL),
    (359, 184, 'b15f7af7-797e-4b5d-ba5c-3949e8c0cbd4', '-512.74', NULL),
    (360, 184, '0b0c1450-1612-42a9-bc88-9cf586caf118', '512.74', NULL),
    (361, 185, '34457701-68f1-40ec-9dd5-494f5463a17c', '388.55', NULL),
    (362, 185, 'b1ec0532-7834-4ac6-8b83-6fb378a9f4e2', '-388.55', NULL),
    (363, 186, 'f34d6b37-5a20-42c1-a4f0-39ca1669d5aa', '-209.38', NULL),
    (364, 186, 'bfd92009-a5e5-499e-8b33-f774f5b2bcc9', '209.38', NULL),
    (365, 187, '569b23c0-73ea-4ad3-adb9-2dbac0ea303d', '869.69', NULL),
    (366, 187, '46110285-0db3-4dc9-90af-57d56c39d8ef', '-869.69', NULL),
    (367, 188, '23e61184-2b83-45af-ad03-1dbb21b571bd', '145.55', NULL),
    (368, 188, 'f5878075-fed5-4101-9620-b16ef9b7b1a4', '-145.55', NULL),
    (369, 189, '09ff16d9-4141-4dcd-8b8b-b23d6fb405ad', '-487.38', NULL),
    (370, 189, '35b4771b-1254-4e4c-be4f-32ea81100d3a', '487.38', NULL),
    (371, 190, 'f97ad12d-9aab-4dd5-a2b8-daf512e9851e', '444.57', NULL),
    (372, 190, '64a9da65-a55e-481a-b5b3-eb26e2d76b3f', '-444.57', NULL),
    (373, 191, '7fb4b578-369a-457a-8ea9-ff738ef76e6c', '214.89', NULL),
    (374, 191, '80f6e7c7-3116-4cf1-b805-9178919c231e', '-214.89', NULL),
    (375, 192, 'fd025a00-8ba8-47bb-8f40-08d7e9c1c2c5', '-28.00', NULL),
    (376, 192, 'c099fa45-b586-4f9c-970e-0717fc1e9430', '28.00', NULL),
    (377, 193, '53d772ec-ca64-4b2e-8c5f-5e41ef9c2193', '554.21', NULL),
    (378, 193, 'dbed7187-e654-41ee-898a-b6fc89518a7c', '-554.21', NULL),
    (379, 194, 'f84181e6-acbe-4fca-b906-941f0169afb6', '-941.81', NULL),
    (380, 194, '061dc8bc-8cfd-4a9c-9bce-723709f9245b', '941.81', NULL),
    (381, 195, 'a4df5e1b-0310-42c1-9602-75f06ea6a92a', '177.57', NULL),
    (382, 195, '1df7c60e-be1d-49f2-9b7f-1538d0899bc4', '-177.57', NULL),
    (383, 196, 'f4f898fc-a9e0-438c-afab-ef948f58ec28', '-772.24', NULL),
    (384, 196, '384085a0-434c-479b-9006-27ea1ffcac4a', '772.24', NULL),
    (385, 197, '4f4e5d33-b0e2-4abc-a76b-321af168d208', '-885.83', NULL),
    (386, 197, '79378440-cead-46e3-937b-42f55644dbc6', '885.83', NULL),
    (387, 198, '61162dfc-7729-439a-8608-61ccb141041a', '-351.41', NULL),
    (388, 198, 'a5f4c118-862e-4939-ab95-4645f9f806c6', '351.41', NULL),
    (389, 199, 'e309c9fb-2cbc-45c7-a802-e25d1bb6a720', '-627.26', NULL),
    (390, 199, 'e1641813-8a18-463e-b389-6823cae5d590', '627.26', NULL),
    (391, 200, '93b0e9a1-bdb1-47d2-90f1-9374d52372ab', '916.78', NULL),
    (392, 200, '492a8e4d-b8b1-4b35-943e-2bb9ba7fa055', '-916.78', NULL),
    (393, 201, '7477f8a1-097c-4906-8144-8b7a407f798a', '317.00', NULL),
    (394, 201, '8b9bafbf-549d-4f2f-a0fd-c95970033c77', '-317.00', NULL),
    (395, 202, '42dfda44-20ca-48a3-a173-a31bad989e77', '963.06', NULL),
    (396, 202, 'b8287604-70a4-4a74-b098-236a6c41ef52', '-963.06', NULL),
    (397, 203, '0ae4b7cd-3e15-4fba-ab88-583547d6eefe', '-373.94', NULL),
    (398, 203, '70a62e6e-9563-4b8b-9942-847c91573a84', '373.94', NULL),
    (399, 204, '007e499d-fc5d-4f02-a30f-09342cad8b06', '-273.89', NULL),
    (400, 204, '2eab2af5-44da-42e9-b621-559f7ef45809', '273.89', NULL),
    (401, 205, 'd51b1ca8-5234-4087-8406-89a22352954d', '850.39', NULL),
    (402, 205, 'c01442eb-5f39-4608-acd4-b1c5e817f18e', '-850.39', NULL),
    (403, 206, 'bc2fd3f7-6cc1-4511-b4d8-ce104ca311fb', '-88.86', NULL),
    (404, 206, 'b38294b2-8c8e-4a57-af2f-55f412e800b9', '88.86', NULL),
    (405, 207, '843e99b2-29a7-47a5-a20f-879a428b42d6', '-474.28', NULL),
    (406, 207, '3d91954e-c524-4bba-b410-e0e213bd5832', '474.28', NULL),
    (407, 208, '223941a3-7062-419b-bfab-b1980699d259', '-904.84', NULL),
    (408, 208, '1439085f-d11c-4b51-b795-08138bbba863', '904.84', NULL),
    (409, 209, 'a3b24966-1ed2-4bb6-bfcd-f497f2ece126', '471.99', NULL),
    (410, 209, 'd504e08f-359a-4c20-b7f4-abf8b142d49f', '-471.99', NULL),
    (411, 210, '96acc346-f4fa-4661-9581-85c7b03f5acf', '102.57', NULL),
    (412, 210, 'da51b8f0-c7fd-46ee-a27f-22f6b91116a0', '-102.57', NULL),
    (413, 211, '4838ab2f-7396-4b0f-8fba-16f4aa5d10f0', '697.44', NULL),
    (414, 211, '0c4e1088-4616-472a-b6d9-4e81e94c6717', '-697.44', NULL),
    (415, 212, '0297eafb-e06b-4fce-a366-e886c4433708', '272.66', NULL),
    (416, 212, '08bdb94e-8963-48ef-93b9-d4304cd9f180', '-272.66', NULL),
    (417, 213, '438c402b-124f-4870-a207-1fe2596bd7fe', '320.55', NULL),
    (418, 213, '0a7a8c19-4be8-4fd6-8938-0ebdf437436f', '-320.55', NULL),
    (419, 214, 'b6cc63ae-6c38-4033-b516-dc3d23cd5506', '-620.82', NULL),
    (420, 214, '207f2b72-6f7e-49fa-862a-665308f11eb0', '620.82', NULL),
    (421, 215, '7200698c-4acf-41d9-b614-9ba026783b53', '670.80', NULL),
    (422, 215, '87faf93d-59b2-4fba-94b4-4f3d870b5333', '-670.80', NULL),
    (423, 216, '196bfe44-d5c6-4473-aed8-1cc7d787c6cd', '-993.75', NULL),
    (424, 216, '0afcafad-9a6f-4882-8840-56a8eb949069', '993.75', NULL);
-- Table
INSERT INTO `journal_entries` (`journalEntryId`, `transDate`, `domainUuid`, `subJournalUuid`, `currency`, `opening`, `reviewed`, `description`, `arguments`, `language`, `extra`, `journalReferenceUuid`, `createdBy`, `updatedBy`, `revision`, `created_at`, `updated_at`) VALUES
    (109, '2001-01-01 05:00:00', 'cee331fc-77ce-4267-944e-4539c6d1388e', NULL, 'CAD', 1, 1, 'Opening Balance', '[]', 'en', NULL, NULL, NULL, NULL, NULL, '2021-12-11 10:38:54.900801', '2021-12-11 10:38:54.900801'),
    (110, '2001-01-01 05:00:00', 'cee331fc-77ce-4267-944e-4539c6d1388e', NULL, 'ZZZ', 1, 1, 'Opening Balance', '[]', 'en', NULL, NULL, NULL, NULL, NULL, '2021-12-11 10:38:54.909243', '2021-12-11 10:38:54.909243'),
    (111, '2001-02-28 05:00:00', 'cee331fc-77ce-4267-944e-4539c6d1388e', NULL, 'CAD', 0, 0, 'Random entry 1', '[]', 'en', NULL, NULL, NULL, NULL, NULL, '2021-12-11 10:38:54.976948', '2021-12-11 10:38:54.976948'),
    (112, '2001-03-11 05:00:00', 'cee331fc-77ce-4267-944e-4539c6d1388e', NULL, 'CAD', 0, 0, 'Random entry 2', '[]', 'en', NULL, NULL, NULL, NULL, NULL, '2021-12-11 10:38:55.015307', '2021-12-11 10:38:55.015307'),
    (113, '2001-03-01 05:00:00', 'cee331fc-77ce-4267-944e-4539c6d1388e', NULL, 'CAD', 0, 0, 'Random entry 3', '[]', 'en', NULL, NULL, NULL, NULL, NULL, '2021-12-11 10:38:55.050442', '2021-12-11 10:38:55.050442'),
    (114, '2001-04-07 04:00:00', 'cee331fc-77ce-4267-944e-4539c6d1388e', NULL, 'CAD', 0, 0, 'Random entry 4', '[]', 'en', NULL, NULL, NULL, NULL, NULL, '2021-12-11 10:38:55.084364', '2021-12-11 10:38:55.084364'),
    (115, '2001-03-03 05:00:00', 'cee331fc-77ce-4267-944e-4539c6d1388e', NULL, 'CAD', 0, 0, 'Random entry 5', '[]', 'en', NULL, NULL, NULL, NULL, NULL, '2021-12-11 10:38:55.118401', '2021-12-11 10:38:55.118401'),
    (116, '2001-03-26 04:00:00', 'cee331fc-77ce-4267-944e-4539c6d1388e', NULL, 'CAD', 0, 0, 'Random entry 6', '[]', 'en', NULL, NULL, NULL, NULL, NULL, '2021-12-11 10:38:55.153228', '2021-12-11 10:38:55.153228'),
    (117, '2001-03-18 04:00:00', 'cee331fc-77ce-4267-944e-4539c6d1388e', NULL, 'CAD', 0, 0, 'Random entry 7', '[]', 'en', NULL, NULL, NULL, NULL, NULL, '2021-12-11 10:38:55.187061', '2021-12-11 10:38:55.187061'),
    (118, '2001-01-11 05:00:00', 'cee331fc-77ce-4267-944e-4539c6d1388e', NULL, 'CAD', 0, 0, 'Random entry 8', '[]', 'en', NULL, NULL, NULL, NULL, NULL, '2021-12-11 10:38:55.221287', '2021-12-11 10:38:55.221287'),
    (119, '2001-02-14 05:00:00', 'cee331fc-77ce-4267-944e-4539c6d1388e', NULL, 'CAD', 0, 0, 'Random entry 9', '[]', 'en', NULL, NULL, NULL, NULL, NULL, '2021-12-11 10:38:55.255818', '2021-12-11 10:38:55.255818'),
    (120, '2001-03-25 04:00:00', 'cee331fc-77ce-4267-944e-4539c6d1388e', NULL, 'CAD', 0, 0, 'Random entry 10', '[]', 'en', NULL, NULL, NULL, NULL, NULL, '2021-12-11 10:38:55.289688', '2021-12-11 10:38:55.289688'),
    (121, '2001-03-15 04:00:00', 'cee331fc-77ce-4267-944e-4539c6d1388e', NULL, 'CAD', 0, 0, 'Random entry 11', '[]', 'en', NULL, NULL, NULL, NULL, NULL, '2021-12-11 10:38:55.324706', '2021-12-11 10:38:55.324706'),
    (122, '2001-01-26 05:00:00', 'cee331fc-77ce-4267-944e-4539c6d1388e', NULL, 'CAD', 0, 0, 'Random entry 12', '[]', 'en', NULL, NULL, NULL, NULL, NULL, '2021-12-11 10:38:55.358958', '2021-12-11 10:38:55.358958'),
    (123, '2001-03-24 04:00:00', 'cee331fc-77ce-4267-944e-4539c6d1388e', NULL, 'CAD', 0, 0, 'Random entry 13', '[]', 'en', NULL, NULL, NULL, NULL, NULL, '2021-12-11 10:38:55.393451', '2021-12-11 10:38:55.393451'),
    (124, '2001-03-08 05:00:00', 'cee331fc-77ce-4267-944e-4539c6d1388e', NULL, 'CAD', 0, 0, 'Random entry 14', '[]', 'en', NULL, NULL, NULL, NULL, NULL, '2021-12-11 10:38:55.427564', '2021-12-11 10:38:55.427564'),
    (125, '2001-04-09 04:00:00', 'cee331fc-77ce-4267-944e-4539c6d1388e', NULL, 'CAD', 0, 0, 'Random entry 15', '[]', 'en', NULL, NULL, NULL, NULL, NULL, '2021-12-11 10:38:55.461767', '2021-12-11 10:38:55.461767'),
    (126, '2001-02-07 05:00:00', 'cee331fc-77ce-4267-944e-4539c6d1388e', NULL, 'CAD', 0, 0, 'Random entry 16', '[]', 'en', NULL, NULL, NULL, NULL, NULL, '2021-12-11 10:38:55.495976', '2021-12-11 10:38:55.495976'),
    (127, '2001-04-09 04:00:00', 'cee331fc-77ce-4267-944e-4539c6d1388e', NULL, 'CAD', 0, 0, 'Random entry 17', '[]', 'en', NULL, NULL, NULL, NULL, NULL, '2021-12-11 10:38:55.530071', '2021-12-11 10:38:55.530071'),
    (128, '2001-01-28 05:00:00', 'cee331fc-77ce-4267-944e-4539c6d1388e', NULL, 'CAD', 0, 0, 'Random entry 18', '[]', 'en', NULL, NULL, NULL, NULL, NULL, '2021-12-11 10:38:55.564909', '2021-12-11 10:38:55.564909'),
    (129, '2001-02-22 05:00:00', 'cee331fc-77ce-4267-944e-4539c6d1388e', NULL, 'CAD', 0, 0, 'Random entry 19', '[]', 'en', NULL, NULL, NULL, NULL, NULL, '2021-12-11 10:38:55.599130', '2021-12-11 10:38:55.599130'),
    (130, '2001-03-08 05:00:00', 'cee331fc-77ce-4267-944e-4539c6d1388e', NULL, 'CAD', 0, 0, 'Random entry 20', '[]', 'en', NULL, NULL, NULL, NULL, NULL, '2021-12-11 10:38:55.633947', '2021-12-11 10:38:55.633947'),
    (131, '2001-03-08 05:00:00', 'cee331fc-77ce-4267-944e-4539c6d1388e', NULL, 'CAD', 0, 0, 'Random entry 21', '[]', 'en', NULL, NULL, NULL, NULL, NULL, '2021-12-11 10:38:55.668926', '2021-12-11 10:38:55.668926'),
    (132, '2001-01-15 05:00:00', 'cee331fc-77ce-4267-944e-4539c6d1388e', NULL, 'CAD', 0, 0, 'Random entry 22', '[]', 'en', NULL, NULL, NULL, NULL, NULL, '2021-12-11 10:38:55.703766', '2021-12-11 10:38:55.703766'),
    (133, '2001-01-06 05:00:00', 'cee331fc-77ce-4267-944e-4539c6d1388e', NULL, 'CAD', 0, 0, 'Random entry 23', '[]', 'en', NULL, NULL, NULL, NULL, NULL, '2021-12-11 10:38:55.737835', '2021-12-11 10:38:55.737835'),
    (134, '2001-04-07 04:00:00', 'cee331fc-77ce-4267-944e-4539c6d1388e', NULL, 'CAD', 0, 0, 'Random entry 24', '[]', 'en', NULL, NULL, NULL, NULL, NULL, '2021-12-11 10:38:55.772795', '2021-12-11 10:38:55.772795'),
    (135, '2001-01-10 05:00:00', 'cee331fc-77ce-4267-944e-4539c6d1388e', NULL, 'CAD', 0, 0, 'Random entry 25', '[]', 'en', NULL, NULL, NULL, NULL, NULL, '2021-12-11 10:38:55.806948', '2021-12-11 10:38:55.806948'),
    (136, '2001-03-29 04:00:00', 'cee331fc-77ce-4267-944e-4539c6d1388e', NULL, 'CAD', 0, 0, 'Random entry 26', '[]', 'en', NULL, NULL, NULL, NULL, NULL, '2021-12-11 10:38:55.841319', '2021-12-11 10:38:55.841319'),
    (137, '2001-01-19 05:00:00', 'cee331fc-77ce-4267-944e-4539c6d1388e', NULL, 'CAD', 0, 0, 'Random entry 27', '[]', 'en', NULL, NULL, NULL, NULL, NULL, '2021-12-11 10:38:55.875656', '2021-12-11 10:38:55.875656'),
    (138, '2001-01-14 05:00:00', 'cee331fc-77ce-4267-944e-4539c6d1388e', NULL, 'CAD', 0, 0, 'Random entry 28', '[]', 'en', NULL, NULL, NULL, NULL, NULL, '2021-12-11 10:38:55.909661', '2021-12-11 10:38:55.909661'),
    (139, '2001-04-11 04:00:00', 'cee331fc-77ce-4267-944e-4539c6d1388e', NULL, 'CAD', 0, 0, 'Random entry 29', '[]', 'en', NULL, NULL, NULL, NULL, NULL, '2021-12-11 10:38:55.943911', '2021-12-11 10:38:55.943911'),
    (140, '2001-02-22 05:00:00', 'cee331fc-77ce-4267-944e-4539c6d1388e', NULL, 'CAD', 0, 0, 'Random entry 30', '[]', 'en', NULL, NULL, NULL, NULL, NULL, '2021-12-11 10:38:55.977876', '2021-12-11 10:38:55.977876'),
    (141, '2001-02-13 05:00:00', 'cee331fc-77ce-4267-944e-4539c6d1388e', NULL, 'CAD', 0, 0, 'Random entry 31', '[]', 'en', NULL, NULL, NULL, NULL, NULL, '2021-12-11 10:38:56.012273', '2021-12-11 10:38:56.012273'),
    (142, '2001-02-01 05:00:00', 'cee331fc-77ce-4267-944e-4539c6d1388e', NULL, 'CAD', 0, 0, 'Random entry 32', '[]', 'en', NULL, NULL, NULL, NULL, NULL, '2021-12-11 10:38:56.047587', '2021-12-11 10:38:56.047587'),
    (143, '2001-03-21 04:00:00', 'cee331fc-77ce-4267-944e-4539c6d1388e', NULL, 'CAD', 0, 0, 'Random entry 33', '[]', 'en', NULL, NULL, NULL, NULL, NULL, '2021-12-11 10:38:56.081850', '2021-12-11 10:38:56.081850'),
    (144, '2001-02-27 05:00:00', 'cee331fc-77ce-4267-944e-4539c6d1388e', NULL, 'CAD', 0, 0, 'Random entry 34', '[]', 'en', NULL, NULL, NULL, NULL, NULL, '2021-12-11 10:38:56.116382', '2021-12-11 10:38:56.116382'),
    (145, '2001-03-12 04:00:00', 'cee331fc-77ce-4267-944e-4539c6d1388e', NULL, 'CAD', 0, 0, 'Random entry 35', '[]', 'en', NULL, NULL, NULL, NULL, NULL, '2021-12-11 10:38:56.150246', '2021-12-11 10:38:56.150246'),
    (146, '2001-02-19 05:00:00', 'cee331fc-77ce-4267-944e-4539c6d1388e', NULL, 'CAD', 0, 0, 'Random entry 36', '[]', 'en', NULL, NULL, NULL, NULL, NULL, '2021-12-11 10:38:56.184642', '2021-12-11 10:38:56.184642'),
    (147, '2001-01-11 05:00:00', 'cee331fc-77ce-4267-944e-4539c6d1388e', NULL, 'CAD', 0, 0, 'Random entry 37', '[]', 'en', NULL, NULL, NULL, NULL, NULL, '2021-12-11 10:38:56.218896', '2021-12-11 10:38:56.218896'),
    (148, '2001-04-07 04:00:00', 'cee331fc-77ce-4267-944e-4539c6d1388e', NULL, 'CAD', 0, 0, 'Random entry 38', '[]', 'en', NULL, NULL, NULL, NULL, NULL, '2021-12-11 10:38:56.253189', '2021-12-11 10:38:56.253189'),
    (149, '2001-03-10 05:00:00', 'cee331fc-77ce-4267-944e-4539c6d1388e', NULL, 'CAD', 0, 0, 'Random entry 39', '[]', 'en', NULL, NULL, NULL, NULL, NULL, '2021-12-11 10:38:56.288122', '2021-12-11 10:38:56.288122'),
    (150, '2001-03-24 04:00:00', 'cee331fc-77ce-4267-944e-4539c6d1388e', NULL, 'CAD', 0, 0, 'Random entry 40', '[]', 'en', NULL, NULL, NULL, NULL, NULL, '2021-12-11 10:38:56.322178', '2021-12-11 10:38:56.322178'),
    (151, '2001-01-18 05:00:00', 'cee331fc-77ce-4267-944e-4539c6d1388e', NULL, 'CAD', 0, 0, 'Random entry 41', '[]', 'en', NULL, NULL, NULL, NULL, NULL, '2021-12-11 10:38:56.356613', '2021-12-11 10:38:56.356613'),
    (152, '2001-01-05 05:00:00', 'cee331fc-77ce-4267-944e-4539c6d1388e', NULL, 'CAD', 0, 0, 'Random entry 42', '[]', 'en', NULL, NULL, NULL, NULL, NULL, '2021-12-11 10:38:56.390970', '2021-12-11 10:38:56.390970'),
    (153, '2001-03-24 04:00:00', 'cee331fc-77ce-4267-944e-4539c6d1388e', NULL, 'CAD', 0, 0, 'Random entry 43', '[]', 'en', NULL, NULL, NULL, NULL, NULL, '2021-12-11 10:38:56.425303', '2021-12-11 10:38:56.425303'),
    (154, '2001-03-02 05:00:00', 'cee331fc-77ce-4267-944e-4539c6d1388e', NULL, 'CAD', 0, 0, 'Random entry 44', '[]', 'en', NULL, NULL, NULL, NULL, NULL, '2021-12-11 10:38:56.460019', '2021-12-11 10:38:56.460019'),
    (155, '2001-04-17 04:00:00', 'cee331fc-77ce-4267-944e-4539c6d1388e', NULL, 'CAD', 0, 0, 'Random entry 45', '[]', 'en', NULL, NULL, NULL, NULL, NULL, '2021-12-11 10:38:56.495576', '2021-12-11 10:38:56.495576'),
    (156, '2001-03-14 04:00:00', 'cee331fc-77ce-4267-944e-4539c6d1388e', NULL, 'CAD', 0, 0, 'Random entry 46', '[]', 'en', NULL, NULL, NULL, NULL, NULL, '2021-12-11 10:38:56.530252', '2021-12-11 10:38:56.530252'),
    (157, '2001-01-13 05:00:00', 'cee331fc-77ce-4267-944e-4539c6d1388e', NULL, 'CAD', 0, 0, 'Random entry 47', '[]', 'en', NULL, NULL, NULL, NULL, NULL, '2021-12-11 10:38:56.564882', '2021-12-11 10:38:56.564882'),
    (158, '2001-02-20 05:00:00', 'cee331fc-77ce-4267-944e-4539c6d1388e', NULL, 'CAD', 0, 0, 'Random entry 48', '[]', 'en', NULL, NULL, NULL, NULL, NULL, '2021-12-11 10:38:56.599035', '2021-12-11 10:38:56.599035'),
    (159, '2001-04-15 04:00:00', 'cee331fc-77ce-4267-944e-4539c6d1388e', NULL, 'CAD', 0, 0, 'Random entry 49', '[]', 'en', NULL, NULL, NULL, NULL, NULL, '2021-12-11 10:38:56.634057', '2021-12-11 10:38:56.634057'),
    (160, '2001-04-04 04:00:00', 'cee331fc-77ce-4267-944e-4539c6d1388e', NULL, 'CAD', 0, 0, 'Random entry 50', '[]', 'en', NULL, NULL, NULL, NULL, NULL, '2021-12-11 10:38:56.668313', '2021-12-11 10:38:56.668313'),
    (161, '2001-02-06 05:00:00', 'cee331fc-77ce-4267-944e-4539c6d1388e', NULL, 'CAD', 0, 0, 'Random entry 51', '[]', 'en', NULL, NULL, NULL, NULL, NULL, '2021-12-11 10:38:56.702320', '2021-12-11 10:38:56.702320'),
    (162, '2001-02-10 05:00:00', 'cee331fc-77ce-4267-944e-4539c6d1388e', NULL, 'CAD', 0, 0, 'Random entry 52', '[]', 'en', NULL, NULL, NULL, NULL, NULL, '2021-12-11 10:38:56.736483', '2021-12-11 10:38:56.736483'),
    (163, '2001-04-17 04:00:00', 'cee331fc-77ce-4267-944e-4539c6d1388e', NULL, 'CAD', 0, 0, 'Random entry 53', '[]', 'en', NULL, NULL, NULL, NULL, NULL, '2021-12-11 10:38:56.771235', '2021-12-11 10:38:56.771235'),
    (164, '2001-02-09 05:00:00', 'cee331fc-77ce-4267-944e-4539c6d1388e', NULL, 'CAD', 0, 0, 'Random entry 54', '[]', 'en', NULL, NULL, NULL, NULL, NULL, '2021-12-11 10:38:56.805701', '2021-12-11 10:38:56.805701'),
    (165, '2001-03-06 05:00:00', 'cee331fc-77ce-4267-944e-4539c6d1388e', NULL, 'CAD', 0, 0, 'Random entry 55', '[]', 'en', NULL, NULL, NULL, NULL, NULL, '2021-12-11 10:38:56.840736', '2021-12-11 10:38:56.840736'),
    (166, '2001-04-18 04:00:00', 'cee331fc-77ce-4267-944e-4539c6d1388e', NULL, 'CAD', 0, 0, 'Random entry 56', '[]', 'en', NULL, NULL, NULL, NULL, NULL, '2021-12-11 10:38:56.875211', '2021-12-11 10:38:56.875211'),
    (167, '2001-04-15 04:00:00', 'cee331fc-77ce-4267-944e-4539c6d1388e', NULL, 'CAD', 0, 0, 'Random entry 57', '[]', 'en', NULL, NULL, NULL, NULL, NULL, '2021-12-11 10:38:56.909603', '2021-12-11 10:38:56.909603'),
    (168, '2001-03-25 04:00:00', 'cee331fc-77ce-4267-944e-4539c6d1388e', NULL, 'CAD', 0, 0, 'Random entry 58', '[]', 'en', NULL, NULL, NULL, NULL, NULL, '2021-12-11 10:38:56.944657', '2021-12-11 10:38:56.944657'),
    (169, '2001-01-20 05:00:00', 'cee331fc-77ce-4267-944e-4539c6d1388e', NULL, 'CAD', 0, 0, 'Random entry 59', '[]', 'en', NULL, NULL, NULL, NULL, NULL, '2021-12-11 10:38:56.979595', '2021-12-11 10:38:56.979595'),
    (170, '2001-01-11 05:00:00', 'cee331fc-77ce-4267-944e-4539c6d1388e', NULL, 'CAD', 0, 0, 'Random entry 60', '[]', 'en', NULL, NULL, NULL, NULL, NULL, '2021-12-11 10:38:57.014200', '2021-12-11 10:38:57.014200'),
    (171, '2001-01-31 05:00:00', 'cee331fc-77ce-4267-944e-4539c6d1388e', NULL, 'CAD', 0, 0, 'Random entry 61', '[]', 'en', NULL, NULL, NULL, NULL, NULL, '2021-12-11 10:38:57.049055', '2021-12-11 10:38:57.049055'),
    (172, '2001-01-30 05:00:00', 'cee331fc-77ce-4267-944e-4539c6d1388e', NULL, 'CAD', 0, 0, 'Random entry 62', '[]', 'en', NULL, NULL, NULL, NULL, NULL, '2021-12-11 10:38:57.082915', '2021-12-11 10:38:57.082915'),
    (173, '2001-03-28 04:00:00', 'cee331fc-77ce-4267-944e-4539c6d1388e', NULL, 'CAD', 0, 0, 'Random entry 63', '[]', 'en', NULL, NULL, NULL, NULL, NULL, '2021-12-11 10:38:57.117246', '2021-12-11 10:38:57.117246'),
    (174, '2001-02-05 05:00:00', 'cee331fc-77ce-4267-944e-4539c6d1388e', NULL, 'CAD', 0, 0, 'Random entry 64', '[]', 'en', NULL, NULL, NULL, NULL, NULL, '2021-12-11 10:38:57.151525', '2021-12-11 10:38:57.151525'),
    (175, '2001-02-10 05:00:00', 'cee331fc-77ce-4267-944e-4539c6d1388e', NULL, 'CAD', 0, 0, 'Random entry 65', '[]', 'en', NULL, NULL, NULL, NULL, NULL, '2021-12-11 10:38:57.186272', '2021-12-11 10:38:57.186272'),
    (176, '2001-02-01 05:00:00', 'cee331fc-77ce-4267-944e-4539c6d1388e', NULL, 'CAD', 0, 0, 'Random entry 66', '[]', 'en', NULL, NULL, NULL, NULL, NULL, '2021-12-11 10:38:57.222690', '2021-12-11 10:38:57.222690'),
    (177, '2001-02-07 05:00:00', 'cee331fc-77ce-4267-944e-4539c6d1388e', NULL, 'CAD', 0, 0, 'Random entry 67', '[]', 'en', NULL, NULL, NULL, NULL, NULL, '2021-12-11 10:38:57.256532', '2021-12-11 10:38:57.256532'),
    (178, '2001-04-08 04:00:00', 'cee331fc-77ce-4267-944e-4539c6d1388e', NULL, 'CAD', 0, 0, 'Random entry 68', '[]', 'en', NULL, NULL, NULL, NULL, NULL, '2021-12-11 10:38:57.291102', '2021-12-11 10:38:57.291102'),
    (179, '2001-02-17 05:00:00', 'cee331fc-77ce-4267-944e-4539c6d1388e', NULL, 'CAD', 0, 0, 'Random entry 69', '[]', 'en', NULL, NULL, NULL, NULL, NULL, '2021-12-11 10:38:57.325310', '2021-12-11 10:38:57.325310'),
    (180, '2001-03-17 04:00:00', 'cee331fc-77ce-4267-944e-4539c6d1388e', NULL, 'CAD', 0, 0, 'Random entry 70', '[]', 'en', NULL, NULL, NULL, NULL, NULL, '2021-12-11 10:38:57.359240', '2021-12-11 10:38:57.359240'),
    (181, '2001-03-05 05:00:00', 'cee331fc-77ce-4267-944e-4539c6d1388e', NULL, 'CAD', 0, 0, 'Random entry 71', '[]', 'en', NULL, NULL, NULL, NULL, NULL, '2021-12-11 10:38:57.395216', '2021-12-11 10:38:57.395216'),
    (182, '2001-03-18 04:00:00', 'cee331fc-77ce-4267-944e-4539c6d1388e', NULL, 'CAD', 0, 0, 'Random entry 72', '[]', 'en', NULL, NULL, NULL, NULL, NULL, '2021-12-11 10:38:57.432350', '2021-12-11 10:38:57.432350'),
    (183, '2001-02-15 05:00:00', 'cee331fc-77ce-4267-944e-4539c6d1388e', NULL, 'CAD', 0, 0, 'Random entry 73', '[]', 'en', NULL, NULL, NULL, NULL, NULL, '2021-12-11 10:38:57.469969', '2021-12-11 10:38:57.469969'),
    (184, '2001-02-22 05:00:00', 'cee331fc-77ce-4267-944e-4539c6d1388e', NULL, 'CAD', 0, 0, 'Random entry 74', '[]', 'en', NULL, NULL, NULL, NULL, NULL, '2021-12-11 10:38:57.507031', '2021-12-11 10:38:57.507031'),
    (185, '2001-01-11 05:00:00', 'cee331fc-77ce-4267-944e-4539c6d1388e', NULL, 'CAD', 0, 0, 'Random entry 75', '[]', 'en', NULL, NULL, NULL, NULL, NULL, '2021-12-11 10:38:57.542955', '2021-12-11 10:38:57.542955'),
    (186, '2001-03-05 05:00:00', 'cee331fc-77ce-4267-944e-4539c6d1388e', NULL, 'CAD', 0, 0, 'Random entry 76', '[]', 'en', NULL, NULL, NULL, NULL, NULL, '2021-12-11 10:38:57.579189', '2021-12-11 10:38:57.579189'),
    (187, '2001-01-05 05:00:00', 'cee331fc-77ce-4267-944e-4539c6d1388e', NULL, 'CAD', 0, 0, 'Random entry 77', '[]', 'en', NULL, NULL, NULL, NULL, NULL, '2021-12-11 10:38:57.615017', '2021-12-11 10:38:57.615017'),
    (188, '2001-01-22 05:00:00', 'cee331fc-77ce-4267-944e-4539c6d1388e', NULL, 'CAD', 0, 0, 'Random entry 78', '[]', 'en', NULL, NULL, NULL, NULL, NULL, '2021-12-11 10:38:57.651653', '2021-12-11 10:38:57.651653'),
    (189, '2001-02-10 05:00:00', 'cee331fc-77ce-4267-944e-4539c6d1388e', NULL, 'CAD', 0, 0, 'Random entry 79', '[]', 'en', NULL, NULL, NULL, NULL, NULL, '2021-12-11 10:38:57.687523', '2021-12-11 10:38:57.687523'),
    (190, '2001-02-28 05:00:00', 'cee331fc-77ce-4267-944e-4539c6d1388e', NULL, 'CAD', 0, 0, 'Random entry 80', '[]', 'en', NULL, NULL, NULL, NULL, NULL, '2021-12-11 10:38:57.723651', '2021-12-11 10:38:57.723651'),
    (191, '2001-02-02 05:00:00', 'cee331fc-77ce-4267-944e-4539c6d1388e', NULL, 'CAD', 0, 0, 'Random entry 81', '[]', 'en', NULL, NULL, NULL, NULL, NULL, '2021-12-11 10:38:57.760475', '2021-12-11 10:38:57.760475'),
    (192, '2001-04-15 04:00:00', 'cee331fc-77ce-4267-944e-4539c6d1388e', NULL, 'CAD', 0, 0, 'Random entry 82', '[]', 'en', NULL, NULL, NULL, NULL, NULL, '2021-12-11 10:38:57.797154', '2021-12-11 10:38:57.797154'),
    (193, '2001-01-22 05:00:00', 'cee331fc-77ce-4267-944e-4539c6d1388e', NULL, 'CAD', 0, 0, 'Random entry 83', '[]', 'en', NULL, NULL, NULL, NULL, NULL, '2021-12-11 10:38:57.833509', '2021-12-11 10:38:57.833509'),
    (194, '2001-02-13 05:00:00', 'cee331fc-77ce-4267-944e-4539c6d1388e', NULL, 'CAD', 0, 0, 'Random entry 84', '[]', 'en', NULL, NULL, NULL, NULL, NULL, '2021-12-11 10:38:57.870225', '2021-12-11 10:38:57.870225'),
    (195, '2001-01-29 05:00:00', 'cee331fc-77ce-4267-944e-4539c6d1388e', NULL, 'CAD', 0, 0, 'Random entry 85', '[]', 'en', NULL, NULL, NULL, NULL, NULL, '2021-12-11 10:38:57.906530', '2021-12-11 10:38:57.906530'),
    (196, '2001-02-03 05:00:00', 'cee331fc-77ce-4267-944e-4539c6d1388e', NULL, 'CAD', 0, 0, 'Random entry 86', '[]', 'en', NULL, NULL, NULL, NULL, NULL, '2021-12-11 10:38:57.942850', '2021-12-11 10:38:57.942850'),
    (197, '2001-03-28 04:00:00', 'cee331fc-77ce-4267-944e-4539c6d1388e', NULL, 'CAD', 0, 0, 'Random entry 87', '[]', 'en', NULL, NULL, NULL, NULL, NULL, '2021-12-11 10:38:57.979832', '2021-12-11 10:38:57.979832'),
    (198, '2001-03-11 05:00:00', 'cee331fc-77ce-4267-944e-4539c6d1388e', NULL, 'CAD', 0, 0, 'Random entry 88', '[]', 'en', NULL, NULL, NULL, NULL, NULL, '2021-12-11 10:38:58.015663', '2021-12-11 10:38:58.015663'),
    (199, '2001-01-10 05:00:00', 'cee331fc-77ce-4267-944e-4539c6d1388e', NULL, 'CAD', 0, 0, 'Random entry 89', '[]', 'en', NULL, NULL, NULL, NULL, NULL, '2021-12-11 10:38:58.054250', '2021-12-11 10:38:58.054250'),
    (200, '2001-03-15 04:00:00', 'cee331fc-77ce-4267-944e-4539c6d1388e', NULL, 'CAD', 0, 0, 'Random entry 90', '[]', 'en', NULL, NULL, NULL, NULL, NULL, '2021-12-11 10:38:58.090211', '2021-12-11 10:38:58.090211'),
    (201, '2001-02-23 05:00:00', 'cee331fc-77ce-4267-944e-4539c6d1388e', NULL, 'CAD', 0, 0, 'Random entry 91', '[]', 'en', NULL, NULL, NULL, NULL, NULL, '2021-12-11 10:38:58.126552', '2021-12-11 10:38:58.126552'),
    (202, '2001-03-29 04:00:00', 'cee331fc-77ce-4267-944e-4539c6d1388e', NULL, 'CAD', 0, 0, 'Random entry 92', '[]', 'en', NULL, NULL, NULL, NULL, NULL, '2021-12-11 10:38:58.162615', '2021-12-11 10:38:58.162615'),
    (203, '2001-04-02 04:00:00', 'cee331fc-77ce-4267-944e-4539c6d1388e', NULL, 'CAD', 0, 0, 'Random entry 93', '[]', 'en', NULL, NULL, NULL, NULL, NULL, '2021-12-11 10:38:58.199195', '2021-12-11 10:38:58.199195'),
    (204, '2001-01-08 05:00:00', 'cee331fc-77ce-4267-944e-4539c6d1388e', NULL, 'CAD', 0, 0, 'Random entry 94', '[]', 'en', NULL, NULL, NULL, NULL, NULL, '2021-12-11 10:38:58.235590', '2021-12-11 10:38:58.235590'),
    (205, '2001-04-07 04:00:00', 'cee331fc-77ce-4267-944e-4539c6d1388e', NULL, 'CAD', 0, 0, 'Random entry 95', '[]', 'en', NULL, NULL, NULL, NULL, NULL, '2021-12-11 10:38:58.272059', '2021-12-11 10:38:58.272059'),
    (206, '2001-03-01 05:00:00', 'cee331fc-77ce-4267-944e-4539c6d1388e', NULL, 'CAD', 0, 0, 'Random entry 96', '[]', 'en', NULL, NULL, NULL, NULL, NULL, '2021-12-11 10:38:58.308350', '2021-12-11 10:38:58.308350'),
    (207, '2001-01-15 05:00:00', 'cee331fc-77ce-4267-944e-4539c6d1388e', NULL, 'CAD', 0, 0, 'Random entry 97', '[]', 'en', NULL, NULL, NULL, NULL, NULL, '2021-12-11 10:38:58.344696', '2021-12-11 10:38:58.344696'),
    (208, '2001-02-26 05:00:00', 'cee331fc-77ce-4267-944e-4539c6d1388e', NULL, 'CAD', 0, 0, 'Random entry 98', '[]', 'en', NULL, NULL, NULL, NULL, NULL, '2021-12-11 10:38:58.381439', '2021-12-11 10:38:58.381439'),
    (209, '2001-03-15 04:00:00', 'cee331fc-77ce-4267-944e-4539c6d1388e', NULL, 'CAD', 0, 0, 'Random entry 99', '[]', 'en', NULL, NULL, NULL, NULL, NULL, '2021-12-11 10:38:58.418723', '2021-12-11 10:38:58.418723'),
    (210, '2001-02-02 05:00:00', 'cee331fc-77ce-4267-944e-4539c6d1388e', NULL, 'CAD', 0, 0, 'Random entry 100', '[]', 'en', NULL, NULL, NULL, NULL, NULL, '2021-12-11 10:38:58.454878', '2021-12-11 10:38:58.454878'),
    (211, '2001-04-06 04:00:00', 'cee331fc-77ce-4267-944e-4539c6d1388e', NULL, 'CAD', 0, 0, 'Random entry 101', '[]', 'en', NULL, NULL, NULL, NULL, NULL, '2021-12-11 10:38:58.490792', '2021-12-11 10:38:58.490792'),
    (212, '2001-04-06 04:00:00', 'cee331fc-77ce-4267-944e-4539c6d1388e', NULL, 'CAD', 0, 0, 'Random entry 102', '[]', 'en', NULL, NULL, NULL, NULL, NULL, '2021-12-11 10:38:58.527222', '2021-12-11 10:38:58.527222'),
    (213, '2001-04-08 04:00:00', 'cee331fc-77ce-4267-944e-4539c6d1388e', NULL, 'CAD', 0, 0, 'Random entry 103', '[]', 'en', NULL, NULL, NULL, NULL, NULL, '2021-12-11 10:38:58.562402', '2021-12-11 10:38:58.562402'),
    (214, '2001-03-12 04:00:00', 'cee331fc-77ce-4267-944e-4539c6d1388e', NULL, 'CAD', 0, 0, 'Random entry 104', '[]', 'en', NULL, NULL, NULL, NULL, NULL, '2021-12-11 10:38:58.598440', '2021-12-11 10:38:58.598440'),
    (215, '2001-03-22 04:00:00', 'cee331fc-77ce-4267-944e-4539c6d1388e', NULL, 'CAD', 0, 0, 'Random entry 105', '[]', 'en', NULL, NULL, NULL, NULL, NULL, '2021-12-11 10:38:58.635188', '2021-12-11 10:38:58.635188'),
    (216, '2001-02-03 05:00:00', 'cee331fc-77ce-4267-944e-4539c6d1388e', NULL, 'CAD', 0, 0, 'Random entry 106', '[]', 'en', NULL, NULL, NULL, NULL, NULL, '2021-12-11 10:38:58.671685', '2021-12-11 10:38:58.671685');
-- Table
INSERT INTO `ledger_accounts` (`ledgerUuid`, `code`, `parentUuid`, `debit`, `credit`, `category`, `closed`, `extra`, `flex`, `revision`, `created_at`, `updated_at`) VALUES
    ('001050c4-dac7-4713-a48f-321960aae494', '2320', '774569b5-5738-4a9f-a76d-36f28c28c6b2', 0, 1, 0, 0, NULL, NULL, NULL, '2021-12-11 10:38:53.790335', '2021-12-11 10:38:53.790335'),
    ('0032b3a8-4851-4315-82dd-531af703712a', '1740', '50c3dfca-b603-41ea-878d-b1ac036c7043', 1, 0, 0, 0, NULL, NULL, NULL, '2021-12-11 10:38:53.533251', '2021-12-11 10:38:53.533251'),
    ('007e499d-fc5d-4f02-a30f-09342cad8b06', '6330', 'b1313a47-1817-4feb-8956-a5e05e1a27e4', 1, 0, 0, 0, NULL, NULL, NULL, '2021-12-11 10:38:54.197453', '2021-12-11 10:38:54.197453'),
    ('019760bb-a65c-4749-b25e-47d01fd56017', '6400', 'b1313a47-1817-4feb-8956-a5e05e1a27e4', 1, 0, 0, 0, NULL, NULL, NULL, '2021-12-11 10:38:54.280341', '2021-12-11 10:38:54.280341'),
    ('01a25090-5252-4b77-acd4-96ada0f43d9a', '6310', 'b1313a47-1817-4feb-8956-a5e05e1a27e4', 1, 0, 0, 0, NULL, NULL, NULL, '2021-12-11 10:38:54.172847', '2021-12-11 10:38:54.172847'),
    ('0297eafb-e06b-4fce-a366-e886c4433708', '6910', '70a62e6e-9563-4b8b-9942-847c91573a84', 1, 0, 1, 0, NULL, NULL, NULL, '2021-12-11 10:38:54.822944', '2021-12-11 10:38:54.822944'),
    ('061dc8bc-8cfd-4a9c-9bce-723709f9245b', '1400', '1b71c79a-68de-4340-a71e-7f5f52c93df9', 1, 0, 1, 0, NULL, NULL, NULL, '2021-12-11 10:38:53.386240', '2021-12-11 10:38:53.386240'),
    ('069c44b9-8ddb-4eee-a7b9-cf116f519410', '1750', '50c3dfca-b603-41ea-878d-b1ac036c7043', 0, 1, 0, 0, NULL, NULL, NULL, '2021-12-11 10:38:53.545147', '2021-12-11 10:38:53.545147'),
    ('08bdb94e-8963-48ef-93b9-d4304cd9f180', '6680', 'b1313a47-1817-4feb-8956-a5e05e1a27e4', 1, 0, 0, 0, NULL, NULL, NULL, '2021-12-11 10:38:54.619492', '2021-12-11 10:38:54.619492'),
    ('09ff16d9-4141-4dcd-8b8b-b23d6fb405ad', '6440', 'b1313a47-1817-4feb-8956-a5e05e1a27e4', 1, 0, 0, 0, NULL, NULL, NULL, '2021-12-11 10:38:54.329126', '2021-12-11 10:38:54.329126'),
    ('0a7a8c19-4be8-4fd6-8938-0ebdf437436f', '6820', '53d772ec-ca64-4b2e-8c5f-5e41ef9c2193', 1, 0, 0, 0, NULL, NULL, NULL, '2021-12-11 10:38:54.775701', '2021-12-11 10:38:54.775701'),
    ('0ae4b7cd-3e15-4fba-ab88-583547d6eefe', '6460', 'b1313a47-1817-4feb-8956-a5e05e1a27e4', 1, 0, 0, 0, NULL, NULL, NULL, '2021-12-11 10:38:54.355044', '2021-12-11 10:38:54.355044'),
    ('0afcafad-9a6f-4882-8840-56a8eb949069', '2220', '99c04613-154d-4c78-894f-b81b5a2b4cf6', 0, 1, 0, 0, NULL, NULL, NULL, '2021-12-11 10:38:53.679950', '2021-12-11 10:38:53.679950'),
    ('0b0c1450-1612-42a9-bc88-9cf586caf118', '2270', '99c04613-154d-4c78-894f-b81b5a2b4cf6', 0, 1, 0, 0, NULL, NULL, NULL, '2021-12-11 10:38:53.740989', '2021-12-11 10:38:53.740989'),
    ('0b6f71d9-3c70-49a2-9b80-ef15a80ef2c3', '6100', '62f69f63-da07-44c6-8133-bdba1a99d97f', 1, 0, 0, 0, NULL, NULL, NULL, '2021-12-11 10:38:54.076950', '2021-12-11 10:38:54.076950'),
    ('0c4e1088-4616-472a-b6d9-4e81e94c6717', '6780', 'b1313a47-1817-4feb-8956-a5e05e1a27e4', 1, 0, 0, 0, NULL, NULL, NULL, '2021-12-11 10:38:54.739374', '2021-12-11 10:38:54.739374'),
    ('136ee121-7a9c-427c-8326-f4ed086c6e96', '6530', 'b1313a47-1817-4feb-8956-a5e05e1a27e4', 1, 0, 0, 0, NULL, NULL, NULL, '2021-12-11 10:38:54.438905', '2021-12-11 10:38:54.438905'),
    ('1439085f-d11c-4b51-b795-08138bbba863', '1160', 'd7c619e7-e634-4511-aee7-2fc7c2f24f01', 1, 0, 0, 0, NULL, NULL, NULL, '2021-12-11 10:38:53.312126', '2021-12-11 10:38:53.312126'),
    ('18736fd8-3f5f-49a0-8a48-03708a4b01e7', '6390', 'b1313a47-1817-4feb-8956-a5e05e1a27e4', 1, 0, 0, 0, NULL, NULL, NULL, '2021-12-11 10:38:54.268737', '2021-12-11 10:38:54.268737'),
    ('18825868-303c-4c0c-ae70-cc0e98021f9c', '5120', '7461ddcf-9bde-4d99-ac5a-3c184386aef1', 1, 0, 0, 0, NULL, NULL, NULL, '2021-12-11 10:38:53.970645', '2021-12-11 10:38:53.970645'),
    ('196bfe44-d5c6-4473-aed8-1cc7d787c6cd', '6370', 'b1313a47-1817-4feb-8956-a5e05e1a27e4', 1, 0, 0, 0, NULL, NULL, NULL, '2021-12-11 10:38:54.244481', '2021-12-11 10:38:54.244481'),
    ('1a580e6b-2328-47de-a943-74533ad4d2d2', '4000', '70f4fa53-f215-4e59-bbfa-fff914a9e646', 0, 0, 1, 0, NULL, NULL, NULL, '2021-12-11 10:38:53.838231', '2021-12-11 10:38:53.838231'),
    ('1b71c79a-68de-4340-a71e-7f5f52c93df9', '1000', '70f4fa53-f215-4e59-bbfa-fff914a9e646', 0, 0, 1, 0, NULL, NULL, NULL, '2021-12-11 10:38:53.223057', '2021-12-11 10:38:53.223057'),
    ('1df7c60e-be1d-49f2-9b7f-1538d0899bc4', '6620', 'b1313a47-1817-4feb-8956-a5e05e1a27e4', 1, 0, 0, 0, NULL, NULL, NULL, '2021-12-11 10:38:54.548096', '2021-12-11 10:38:54.548096'),
    ('207f2b72-6f7e-49fa-862a-665308f11eb0', '1130', 'd7c619e7-e634-4511-aee7-2fc7c2f24f01', 1, 0, 0, 0, NULL, NULL, NULL, '2021-12-11 10:38:53.276301', '2021-12-11 10:38:53.276301'),
    ('223941a3-7062-419b-bfab-b1980699d259', '6350', 'b1313a47-1817-4feb-8956-a5e05e1a27e4', 1, 0, 0, 0, NULL, NULL, NULL, '2021-12-11 10:38:54.221068', '2021-12-11 10:38:54.221068'),
    ('23e61184-2b83-45af-ad03-1dbb21b571bd', '6750', 'b1313a47-1817-4feb-8956-a5e05e1a27e4', 1, 0, 0, 0, NULL, NULL, NULL, '2021-12-11 10:38:54.702750', '2021-12-11 10:38:54.702750'),
    ('2416d1f4-0f2b-4e77-8ae7-7b1c827e48f7', '5140', '7461ddcf-9bde-4d99-ac5a-3c184386aef1', 1, 0, 0, 0, NULL, NULL, NULL, '2021-12-11 10:38:53.994076', '2021-12-11 10:38:53.994076'),
    ('24bd8f28-65ad-4bcc-83fd-9c40e1ef6838', '3200', '65852432-1cb9-456e-a943-48abb35cba5e', 0, 1, 0, 0, NULL, NULL, NULL, '2021-12-11 10:38:53.826488', '2021-12-11 10:38:53.826488'),
    ('2e62ce3d-b146-4db2-8ada-73ee783c98a4', '1320', '96acc346-f4fa-4661-9581-85c7b03f5acf', 0, 1, 0, 0, NULL, NULL, NULL, '2021-12-11 10:38:53.374154', '2021-12-11 10:38:53.374154'),
    ('2eab2af5-44da-42e9-b621-559f7ef45809', '5150', '7461ddcf-9bde-4d99-ac5a-3c184386aef1', 1, 0, 0, 0, NULL, NULL, NULL, '2021-12-11 10:38:54.005817', '2021-12-11 10:38:54.005817'),
    ('2f2b2eec-4820-4db1-a8fc-dfebc9e67120', '6240', 'fd025a00-8ba8-47bb-8f40-08d7e9c1c2c5', 1, 0, 0, 0, NULL, NULL, NULL, '2021-12-11 10:38:54.137409', '2021-12-11 10:38:54.137409'),
    ('34457701-68f1-40ec-9dd5-494f5463a17c', '6450', 'b1313a47-1817-4feb-8956-a5e05e1a27e4', 1, 0, 0, 0, NULL, NULL, NULL, '2021-12-11 10:38:54.341269', '2021-12-11 10:38:54.341269'),
    ('35b4771b-1254-4e4c-be4f-32ea81100d3a', '1420', '061dc8bc-8cfd-4a9c-9bce-723709f9245b', 1, 0, 0, 0, NULL, NULL, NULL, '2021-12-11 10:38:53.411483', '2021-12-11 10:38:53.411483'),
    ('384085a0-434c-479b-9006-27ea1ffcac4a', '6250', 'fd025a00-8ba8-47bb-8f40-08d7e9c1c2c5', 1, 0, 0, 0, NULL, NULL, NULL, '2021-12-11 10:38:54.149255', '2021-12-11 10:38:54.149255'),
    ('39765f54-fcd1-4943-b6e3-32545cc42883', '6410', 'b1313a47-1817-4feb-8956-a5e05e1a27e4', 1, 0, 0, 0, NULL, NULL, NULL, '2021-12-11 10:38:54.292133', '2021-12-11 10:38:54.292133'),
    ('3c3afa3e-1557-493f-bcb5-2af072e67a08', '1800', '1b71c79a-68de-4340-a71e-7f5f52c93df9', 1, 0, 1, 0, NULL, NULL, NULL, '2021-12-11 10:38:53.557314', '2021-12-11 10:38:53.557314'),
    ('3d91954e-c524-4bba-b410-e0e213bd5832', '2240', '99c04613-154d-4c78-894f-b81b5a2b4cf6', 0, 1, 0, 0, NULL, NULL, NULL, '2021-12-11 10:38:53.704193', '2021-12-11 10:38:53.704193'),
    ('4092e8f4-374b-476c-aaa3-ca71ad359390', '6830', '53d772ec-ca64-4b2e-8c5f-5e41ef9c2193', 1, 0, 0, 0, NULL, NULL, NULL, '2021-12-11 10:38:54.787207', '2021-12-11 10:38:54.787207'),
    ('42dfda44-20ca-48a3-a173-a31bad989e77', '5170', '7461ddcf-9bde-4d99-ac5a-3c184386aef1', 1, 0, 0, 0, NULL, NULL, NULL, '2021-12-11 10:38:54.030148', '2021-12-11 10:38:54.030148'),
    ('438c402b-124f-4870-a207-1fe2596bd7fe', '6470', 'b1313a47-1817-4feb-8956-a5e05e1a27e4', 1, 0, 0, 0, NULL, NULL, NULL, '2021-12-11 10:38:54.366991', '2021-12-11 10:38:54.366991'),
    ('46110285-0db3-4dc9-90af-57d56c39d8ef', '4240', '5a5c1af9-b47d-414d-884f-909355dd83ee', 0, 1, 0, 0, NULL, NULL, NULL, '2021-12-11 10:38:53.934742', '2021-12-11 10:38:53.934742'),
    ('4838ab2f-7396-4b0f-8fba-16f4aa5d10f0', '2120', '64a9da65-a55e-481a-b5b3-eb26e2d76b3f', 0, 1, 0, 0, NULL, NULL, NULL, '2021-12-11 10:38:53.644034', '2021-12-11 10:38:53.644034'),
    ('492a8e4d-b8b1-4b35-943e-2bb9ba7fa055', '6770', 'b1313a47-1817-4feb-8956-a5e05e1a27e4', 1, 0, 0, 0, NULL, NULL, NULL, '2021-12-11 10:38:54.727109', '2021-12-11 10:38:54.727109'),
    ('4f4e5d33-b0e2-4abc-a76b-321af168d208', '6810', '53d772ec-ca64-4b2e-8c5f-5e41ef9c2193', 1, 0, 0, 0, NULL, NULL, NULL, '2021-12-11 10:38:54.763710', '2021-12-11 10:38:54.763710'),
    ('5020e42b-7e7e-4dc9-b965-4f5d1c590223', '6340', 'b1313a47-1817-4feb-8956-a5e05e1a27e4', 1, 0, 0, 0, NULL, NULL, NULL, '2021-12-11 10:38:54.209257', '2021-12-11 10:38:54.209257'),
    ('50c3dfca-b603-41ea-878d-b1ac036c7043', '1700', '1b71c79a-68de-4340-a71e-7f5f52c93df9', 0, 0, 1, 0, NULL, NULL, NULL, '2021-12-11 10:38:53.485067', '2021-12-11 10:38:53.485067'),
    ('53d772ec-ca64-4b2e-8c5f-5e41ef9c2193', '6800', '62f69f63-da07-44c6-8133-bdba1a99d97f', 0, 0, 1, 0, NULL, NULL, NULL, '2021-12-11 10:38:54.751643', '2021-12-11 10:38:54.751643'),
    ('569b23c0-73ea-4ad3-adb9-2dbac0ea303d', '1430', '061dc8bc-8cfd-4a9c-9bce-723709f9245b', 1, 0, 0, 0, NULL, NULL, NULL, '2021-12-11 10:38:53.423991', '2021-12-11 10:38:53.423991'),
    ('5a5c1af9-b47d-414d-884f-909355dd83ee', '4200', '1a580e6b-2328-47de-a943-74533ad4d2d2', 0, 0, 1, 0, NULL, NULL, NULL, '2021-12-11 10:38:53.886543', '2021-12-11 10:38:53.886543'),
    ('5e5e42c2-732a-4251-abc7-d88e6703e308', '1720', '50c3dfca-b603-41ea-878d-b1ac036c7043', 1, 0, 0, 0, NULL, NULL, NULL, '2021-12-11 10:38:53.508646', '2021-12-11 10:38:53.508646'),
    ('608b9462-bda1-4fb2-9d37-8751ab990e38', '6560', 'b1313a47-1817-4feb-8956-a5e05e1a27e4', 1, 0, 0, 0, NULL, NULL, NULL, '2021-12-11 10:38:54.474709', '2021-12-11 10:38:54.474709'),
    ('61162dfc-7729-439a-8608-61ccb141041a', '6540', 'b1313a47-1817-4feb-8956-a5e05e1a27e4', 1, 0, 0, 0, NULL, NULL, NULL, '2021-12-11 10:38:54.450827', '2021-12-11 10:38:54.450827'),
    ('62f69f63-da07-44c6-8133-bdba1a99d97f', '6000', '70f4fa53-f215-4e59-bbfa-fff914a9e646', 0, 0, 1, 0, NULL, NULL, NULL, '2021-12-11 10:38:54.065309', '2021-12-11 10:38:54.065309'),
    ('64a9da65-a55e-481a-b5b3-eb26e2d76b3f', '2100', 'b15f7af7-797e-4b5d-ba5c-3949e8c0cbd4', 0, 0, 1, 0, NULL, NULL, NULL, '2021-12-11 10:38:53.619994', '2021-12-11 10:38:53.619994'),
    ('65852432-1cb9-456e-a943-48abb35cba5e', '3000', '70f4fa53-f215-4e59-bbfa-fff914a9e646', 0, 0, 1, 0, NULL, NULL, NULL, '2021-12-11 10:38:53.802171', '2021-12-11 10:38:53.802171'),
    ('66b8ecb2-d399-4018-8e87-b1f5f9840aa7', '6700', 'b1313a47-1817-4feb-8956-a5e05e1a27e4', 1, 0, 0, 0, NULL, NULL, NULL, '2021-12-11 10:38:54.643345', '2021-12-11 10:38:54.643345'),
    ('696bb543-0b20-456e-b60e-b119f4b3570c', '4110', 'bc2fd3f7-6cc1-4511-b4d8-ce104ca311fb', 0, 1, 0, 0, NULL, NULL, NULL, '2021-12-11 10:38:53.862580', '2021-12-11 10:38:53.862580'),
    ('6fcc7279-4cad-4b51-9a7f-5dfaf28a2b29', '1710', '50c3dfca-b603-41ea-878d-b1ac036c7043', 0, 1, 0, 0, NULL, NULL, NULL, '2021-12-11 10:38:53.496921', '2021-12-11 10:38:53.496921'),
    ('70a62e6e-9563-4b8b-9942-847c91573a84', '6900', '62f69f63-da07-44c6-8133-bdba1a99d97f', 0, 0, 1, 0, NULL, NULL, NULL, '2021-12-11 10:38:54.810959', '2021-12-11 10:38:54.810959'),
    ('70f4fa53-f215-4e59-bbfa-fff914a9e646', '', NULL, 0, 0, 1, 0, NULL, '{"rules":{"account":{"codeFormat":"\\/^[a-z0-9\\\\-]+$\\/i"},"domain":{"default":"CORP"},"entry":{"reviewed":false},"language":{"default":"en"},"openDate":"2001-01-01 00:00:00.000000","pageSize":25},"salt":"5108bf983fd2790e0a95123309c70140"}', NULL, '2021-12-11 10:38:53.203969', '2021-12-11 10:38:53.203969'),
    ('7200698c-4acf-41d9-b614-9ba026783b53', '6730', 'b1313a47-1817-4feb-8956-a5e05e1a27e4', 1, 0, 0, 0, NULL, NULL, NULL, '2021-12-11 10:38:54.678471', '2021-12-11 10:38:54.678471'),
    ('721b8c9c-b775-4f77-8a92-877829187c3c', '1210', '954c5a22-ef93-45ee-891b-393f0e9e2fec', 1, 0, 0, 0, NULL, NULL, NULL, '2021-12-11 10:38:53.337643', '2021-12-11 10:38:53.337643'),
    ('73b086ca-c82b-4d5e-b20c-25475a77d652', '6610', 'b1313a47-1817-4feb-8956-a5e05e1a27e4', 1, 0, 0, 0, NULL, NULL, NULL, '2021-12-11 10:38:54.534412', '2021-12-11 10:38:54.534412'),
    ('7461ddcf-9bde-4d99-ac5a-3c184386aef1', '5000', '70f4fa53-f215-4e59-bbfa-fff914a9e646', 0, 0, 1, 0, NULL, NULL, NULL, '2021-12-11 10:38:53.946262', '2021-12-11 10:38:53.946262'),
    ('7477f8a1-097c-4906-8144-8b7a407f798a', '7100', '62f69f63-da07-44c6-8133-bdba1a99d97f', 1, 0, 1, 0, NULL, NULL, NULL, '2021-12-11 10:38:54.861029', '2021-12-11 10:38:54.861029'),
    ('74881650-2769-491b-b2d3-2d9d9de4b392', '6500', 'b1313a47-1817-4feb-8956-a5e05e1a27e4', 1, 0, 0, 0, NULL, NULL, NULL, '2021-12-11 10:38:54.403389', '2021-12-11 10:38:54.403389'),
    ('772cd060-2ad3-45dd-9a7d-8115ea2ba42e', '6320', 'b1313a47-1817-4feb-8956-a5e05e1a27e4', 1, 0, 0, 0, NULL, NULL, NULL, '2021-12-11 10:38:54.185379', '2021-12-11 10:38:54.185379'),
    ('774569b5-5738-4a9f-a76d-36f28c28c6b2', '2300', 'b15f7af7-797e-4b5d-ba5c-3949e8c0cbd4', 0, 0, 1, 0, NULL, NULL, NULL, '2021-12-11 10:38:53.766158', '2021-12-11 10:38:53.766158'),
    ('79378440-cead-46e3-937b-42f55644dbc6', '1500', '1b71c79a-68de-4340-a71e-7f5f52c93df9', 1, 0, 1, 0, NULL, NULL, NULL, '2021-12-11 10:38:53.435940', '2021-12-11 10:38:53.435940'),
    ('7e92bb6d-8295-4e95-b62f-63d123a87b3e', '5130', '7461ddcf-9bde-4d99-ac5a-3c184386aef1', 1, 0, 0, 0, NULL, NULL, NULL, '2021-12-11 10:38:53.982609', '2021-12-11 10:38:53.982609'),
    ('7fb4b578-369a-457a-8ea9-ff738ef76e6c', '6760', 'b1313a47-1817-4feb-8956-a5e05e1a27e4', 1, 0, 0, 0, NULL, NULL, NULL, '2021-12-11 10:38:54.714715', '2021-12-11 10:38:54.714715'),
    ('80f6e7c7-3116-4cf1-b805-9178919c231e', '6840', '53d772ec-ca64-4b2e-8c5f-5e41ef9c2193', 1, 0, 0, 0, NULL, NULL, NULL, '2021-12-11 10:38:54.799039', '2021-12-11 10:38:54.799039'),
    ('843e99b2-29a7-47a5-a20f-879a428b42d6', '6710', 'b1313a47-1817-4feb-8956-a5e05e1a27e4', 1, 0, 0, 0, NULL, NULL, NULL, '2021-12-11 10:38:54.655123', '2021-12-11 10:38:54.655123'),
    ('87faf93d-59b2-4fba-94b4-4f3d870b5333', '6430', 'b1313a47-1817-4feb-8956-a5e05e1a27e4', 1, 0, 0, 0, NULL, NULL, NULL, '2021-12-11 10:38:54.316953', '2021-12-11 10:38:54.316953'),
    ('88065d05-dd35-449c-90c5-ef97911a5190', '6550', 'b1313a47-1817-4feb-8956-a5e05e1a27e4', 1, 0, 0, 0, NULL, NULL, NULL, '2021-12-11 10:38:54.462709', '2021-12-11 10:38:54.462709'),
    ('8a469847-a1b0-4d22-a616-097637f8f4f6', '6230', 'fd025a00-8ba8-47bb-8f40-08d7e9c1c2c5', 1, 0, 0, 0, NULL, NULL, NULL, '2021-12-11 10:38:54.125624', '2021-12-11 10:38:54.125624'),
    ('8a982266-f294-4cb5-a655-b6af70196466', '2210', '99c04613-154d-4c78-894f-b81b5a2b4cf6', 0, 1, 0, 0, NULL, NULL, NULL, '2021-12-11 10:38:53.667837', '2021-12-11 10:38:53.667837'),
    ('8b9bafbf-549d-4f2f-a0fd-c95970033c77', '6740', 'b1313a47-1817-4feb-8956-a5e05e1a27e4', 1, 0, 0, 0, NULL, NULL, NULL, '2021-12-11 10:38:54.691058', '2021-12-11 10:38:54.691058'),
    ('8ec06635-7390-4278-b4cd-ae7681015516', '6490', 'b1313a47-1817-4feb-8956-a5e05e1a27e4', 1, 0, 0, 0, NULL, NULL, NULL, '2021-12-11 10:38:54.390607', '2021-12-11 10:38:54.390607'),
    ('93b0e9a1-bdb1-47d2-90f1-9374d52372ab', '1810', '3c3afa3e-1557-493f-bcb5-2af072e67a08', 1, 0, 0, 0, NULL, NULL, NULL, '2021-12-11 10:38:53.570390', '2021-12-11 10:38:53.570390'),
    ('954c5a22-ef93-45ee-891b-393f0e9e2fec', '1200', '1b71c79a-68de-4340-a71e-7f5f52c93df9', 1, 0, 1, 0, NULL, NULL, NULL, '2021-12-11 10:38:53.324104', '2021-12-11 10:38:53.324104'),
    ('967b614c-f72e-4c82-8c73-18ec987d7afb', '1140', 'd7c619e7-e634-4511-aee7-2fc7c2f24f01', 1, 0, 0, 0, NULL, NULL, NULL, '2021-12-11 10:38:53.288029', '2021-12-11 10:38:53.288029'),
    ('96acc346-f4fa-4661-9581-85c7b03f5acf', '1300', '1b71c79a-68de-4340-a71e-7f5f52c93df9', 0, 0, 1, 0, NULL, NULL, NULL, '2021-12-11 10:38:53.350465', '2021-12-11 10:38:53.350465'),
    ('98accb40-2095-484d-b9d9-1d9ef044144d', '6600', 'b1313a47-1817-4feb-8956-a5e05e1a27e4', 1, 0, 0, 0, NULL, NULL, NULL, '2021-12-11 10:38:54.522574', '2021-12-11 10:38:54.522574'),
    ('99c04613-154d-4c78-894f-b81b5a2b4cf6', '2200', 'b15f7af7-797e-4b5d-ba5c-3949e8c0cbd4', 0, 0, 1, 0, NULL, NULL, NULL, '2021-12-11 10:38:53.656001', '2021-12-11 10:38:53.656001'),
    ('a1cd9de2-ec61-4266-a809-506986c36c58', '5160', '7461ddcf-9bde-4d99-ac5a-3c184386aef1', 1, 0, 0, 0, NULL, NULL, NULL, '2021-12-11 10:38:54.018108', '2021-12-11 10:38:54.018108'),
    ('a3b24966-1ed2-4bb6-bfcd-f497f2ece126', '6360', 'b1313a47-1817-4feb-8956-a5e05e1a27e4', 1, 0, 0, 0, NULL, NULL, NULL, '2021-12-11 10:38:54.232878', '2021-12-11 10:38:54.232878'),
    ('a4df5e1b-0310-42c1-9602-75f06ea6a92a', '6670', 'b1313a47-1817-4feb-8956-a5e05e1a27e4', 1, 0, 0, 0, NULL, NULL, NULL, '2021-12-11 10:38:54.607549', '2021-12-11 10:38:54.607549'),
    ('a5f4c118-862e-4939-ab95-4645f9f806c6', '6380', 'b1313a47-1817-4feb-8956-a5e05e1a27e4', 1, 0, 0, 0, NULL, NULL, NULL, '2021-12-11 10:38:54.256939', '2021-12-11 10:38:54.256939'),
    ('a7eaea83-769c-46d3-8477-2aa13926dded', '1410', '061dc8bc-8cfd-4a9c-9bce-723709f9245b', 1, 0, 0, 0, NULL, NULL, NULL, '2021-12-11 10:38:53.399465', '2021-12-11 10:38:53.399465'),
    ('a9067293-e109-4f8c-bd65-3e0404ab2c2c', '7120', '7477f8a1-097c-4906-8144-8b7a407f798a', 1, 0, 0, 0, NULL, NULL, NULL, '2021-12-11 10:38:54.885939', '2021-12-11 10:38:54.885939'),
    ('ad0e3c48-c537-42b0-9dd1-03b55bbc6573', '4120', 'bc2fd3f7-6cc1-4511-b4d8-ce104ca311fb', 1, 0, 0, 0, NULL, NULL, NULL, '2021-12-11 10:38:53.874483', '2021-12-11 10:38:53.874483'),
    ('ad3df562-f848-409a-86d6-f7abccc8d2f9', '5190', '7461ddcf-9bde-4d99-ac5a-3c184386aef1', 1, 0, 0, 0, NULL, NULL, NULL, '2021-12-11 10:38:54.053466', '2021-12-11 10:38:54.053466'),
    ('af2c583a-fb97-4712-8c1f-8377b80270c2', '6650', 'b1313a47-1817-4feb-8956-a5e05e1a27e4', 1, 0, 0, 0, NULL, NULL, NULL, '2021-12-11 10:38:54.583327', '2021-12-11 10:38:54.583327'),
    ('b1313a47-1817-4feb-8956-a5e05e1a27e4', '6300', '62f69f63-da07-44c6-8133-bdba1a99d97f', 0, 0, 1, 0, NULL, NULL, NULL, '2021-12-11 10:38:54.161113', '2021-12-11 10:38:54.161113'),
    ('b15f7af7-797e-4b5d-ba5c-3949e8c0cbd4', '2000', '70f4fa53-f215-4e59-bbfa-fff914a9e646', 0, 1, 1, 0, NULL, NULL, NULL, '2021-12-11 10:38:53.606885', '2021-12-11 10:38:53.606885'),
    ('b1ec0532-7834-4ac6-8b83-6fb378a9f4e2', '6480', 'b1313a47-1817-4feb-8956-a5e05e1a27e4', 1, 0, 0, 0, NULL, NULL, NULL, '2021-12-11 10:38:54.378887', '2021-12-11 10:38:54.378887'),
    ('b38294b2-8c8e-4a57-af2f-55f412e800b9', '6210', 'fd025a00-8ba8-47bb-8f40-08d7e9c1c2c5', 1, 0, 0, 0, NULL, NULL, NULL, '2021-12-11 10:38:54.101195', '2021-12-11 10:38:54.101195'),
    ('b6cc63ae-6c38-4033-b516-dc3d23cd5506', '1510', '79378440-cead-46e3-937b-42f55644dbc6', 1, 0, 0, 0, NULL, NULL, NULL, '2021-12-11 10:38:53.449087', '2021-12-11 10:38:53.449087'),
    ('b8287604-70a4-4a74-b098-236a6c41ef52', '1310', '96acc346-f4fa-4661-9581-85c7b03f5acf', 1, 0, 0, 0, NULL, NULL, NULL, '2021-12-11 10:38:53.362111', '2021-12-11 10:38:53.362111'),
    ('bc2fd3f7-6cc1-4511-b4d8-ce104ca311fb', '4100', '1a580e6b-2328-47de-a943-74533ad4d2d2', 0, 0, 1, 0, NULL, NULL, NULL, '2021-12-11 10:38:53.850255', '2021-12-11 10:38:53.850255'),
    ('bfd92009-a5e5-499e-8b33-f774f5b2bcc9', '6720', 'b1313a47-1817-4feb-8956-a5e05e1a27e4', 1, 0, 0, 0, NULL, NULL, NULL, '2021-12-11 10:38:54.666792', '2021-12-11 10:38:54.666792'),
    ('c01442eb-5f39-4608-acd4-b1c5e817f18e', '2260', '99c04613-154d-4c78-894f-b81b5a2b4cf6', 0, 1, 0, 0, NULL, NULL, NULL, '2021-12-11 10:38:53.729021', '2021-12-11 10:38:53.729021'),
    ('c099fa45-b586-4f9c-970e-0717fc1e9430', '2250', '99c04613-154d-4c78-894f-b81b5a2b4cf6', 0, 1, 0, 0, NULL, NULL, NULL, '2021-12-11 10:38:53.716892', '2021-12-11 10:38:53.716892'),
    ('c733d260-b073-49e3-a030-8f0b31785862', '5180', '7461ddcf-9bde-4d99-ac5a-3c184386aef1', 0, 1, 0, 0, NULL, NULL, NULL, '2021-12-11 10:38:54.041918', '2021-12-11 10:38:54.041918'),
    ('caf83c3a-a6a7-40f8-8d57-390bf6020e9c', '1820', '3c3afa3e-1557-493f-bcb5-2af072e67a08', 0, 1, 0, 0, NULL, NULL, NULL, '2021-12-11 10:38:53.582312', '2021-12-11 10:38:53.582312'),
    ('d1caad45-f833-42c9-af64-4b692428a21d', '1110', 'd7c619e7-e634-4511-aee7-2fc7c2f24f01', 0, 0, 1, 0, NULL, NULL, NULL, '2021-12-11 10:38:53.247972', '2021-12-11 10:38:53.247972'),
    ('d47d1904-2828-45f9-a050-40cd2a9bfbe6', '6690', 'b1313a47-1817-4feb-8956-a5e05e1a27e4', 1, 0, 0, 0, NULL, NULL, NULL, '2021-12-11 10:38:54.631207', '2021-12-11 10:38:54.631207'),
    ('d504e08f-359a-4c20-b7f4-abf8b142d49f', '1120', 'd7c619e7-e634-4511-aee7-2fc7c2f24f01', 1, 0, 0, 0, NULL, NULL, NULL, '2021-12-11 10:38:53.259983', '2021-12-11 10:38:53.259983'),
    ('d51b1ca8-5234-4087-8406-89a22352954d', '1600', '1b71c79a-68de-4340-a71e-7f5f52c93df9', 0, 0, 1, 0, NULL, NULL, NULL, '2021-12-11 10:38:53.461031', '2021-12-11 10:38:53.461031'),
    ('d58f8970-de65-43bd-b4c5-e3b105418c7a', '4210', '5a5c1af9-b47d-414d-884f-909355dd83ee', 0, 1, 0, 0, NULL, NULL, NULL, '2021-12-11 10:38:53.898388', '2021-12-11 10:38:53.898388'),
    ('d5bb01b8-9faf-4dbc-a36e-9aedfcd0dc74', '6510', 'b1313a47-1817-4feb-8956-a5e05e1a27e4', 1, 0, 0, 0, NULL, NULL, NULL, '2021-12-11 10:38:54.415308', '2021-12-11 10:38:54.415308'),
    ('d76a195c-3681-45e0-8b62-cc74874ff4b4', '6920', '70a62e6e-9563-4b8b-9942-847c91573a84', 1, 0, 0, 0, NULL, NULL, NULL, '2021-12-11 10:38:54.836848', '2021-12-11 10:38:54.836848'),
    ('d7c619e7-e634-4511-aee7-2fc7c2f24f01', '1100', '1b71c79a-68de-4340-a71e-7f5f52c93df9', 1, 0, 1, 0, NULL, NULL, NULL, '2021-12-11 10:38:53.234902', '2021-12-11 10:38:53.234902'),
    ('d8dfac70-ba9e-4565-8585-4aee07a979b3', '6420', 'b1313a47-1817-4feb-8956-a5e05e1a27e4', 1, 0, 0, 0, NULL, NULL, NULL, '2021-12-11 10:38:54.304561', '2021-12-11 10:38:54.304561'),
    ('d905947c-3d56-413d-8ce8-4a8ea779aeba', '6580', 'b1313a47-1817-4feb-8956-a5e05e1a27e4', 1, 0, 0, 0, NULL, NULL, NULL, '2021-12-11 10:38:54.498621', '2021-12-11 10:38:54.498621'),
    ('da51b8f0-c7fd-46ee-a27f-22f6b91116a0', '5110', '7461ddcf-9bde-4d99-ac5a-3c184386aef1', 1, 0, 0, 0, NULL, NULL, NULL, '2021-12-11 10:38:53.958021', '2021-12-11 10:38:53.958021'),
    ('db12d8ad-2bf2-4501-8dac-87f600418111', '6570', 'b1313a47-1817-4feb-8956-a5e05e1a27e4', 1, 0, 0, 0, NULL, NULL, NULL, '2021-12-11 10:38:54.486547', '2021-12-11 10:38:54.486547'),
    ('dbb7a4e5-54b7-4895-90aa-bb2f9978db07', '4230', '5a5c1af9-b47d-414d-884f-909355dd83ee', 0, 1, 0, 0, NULL, NULL, NULL, '2021-12-11 10:38:53.922896', '2021-12-11 10:38:53.922896'),
    ('dbed7187-e654-41ee-898a-b6fc89518a7c', '1610', 'd51b1ca8-5234-4087-8406-89a22352954d', 1, 0, 0, 0, NULL, NULL, NULL, '2021-12-11 10:38:53.472999', '2021-12-11 10:38:53.472999'),
    ('e10fff47-aa03-4ad8-bbeb-23916272bf3e', '7110', '7477f8a1-097c-4906-8144-8b7a407f798a', 1, 0, 0, 0, NULL, NULL, NULL, '2021-12-11 10:38:54.874166', '2021-12-11 10:38:54.874166'),
    ('e1641813-8a18-463e-b389-6823cae5d590', '6660', 'b1313a47-1817-4feb-8956-a5e05e1a27e4', 1, 0, 0, 0, NULL, NULL, NULL, '2021-12-11 10:38:54.595792', '2021-12-11 10:38:54.595792'),
    ('e309c9fb-2cbc-45c7-a802-e25d1bb6a720', '1150', 'd7c619e7-e634-4511-aee7-2fc7c2f24f01', 1, 0, 0, 0, NULL, NULL, NULL, '2021-12-11 10:38:53.299775', '2021-12-11 10:38:53.299775'),
    ('e4e12fd2-a020-4535-a2a7-bdf469ae9615', '4220', '5a5c1af9-b47d-414d-884f-909355dd83ee', 0, 1, 0, 0, NULL, NULL, NULL, '2021-12-11 10:38:53.910621', '2021-12-11 10:38:53.910621'),
    ('ef98ca02-2792-47e9-a38e-12b6cf184686', '2230', '99c04613-154d-4c78-894f-b81b5a2b4cf6', 0, 1, 0, 0, NULL, NULL, NULL, '2021-12-11 10:38:53.691907', '2021-12-11 10:38:53.691907'),
    ('f0f31403-4e4b-48ac-b768-32aef7a88a42', '6630', 'b1313a47-1817-4feb-8956-a5e05e1a27e4', 1, 0, 0, 0, NULL, NULL, NULL, '2021-12-11 10:38:54.559895', '2021-12-11 10:38:54.559895'),
    ('f2622d90-f587-470e-b98c-34513e84fcce', '6220', 'fd025a00-8ba8-47bb-8f40-08d7e9c1c2c5', 1, 0, 0, 0, NULL, NULL, NULL, '2021-12-11 10:38:54.113846', '2021-12-11 10:38:54.113846'),
    ('f2aa66e6-3b2c-408a-9edb-94100964a254', '1840', '3c3afa3e-1557-493f-bcb5-2af072e67a08', 1, 0, 0, 0, NULL, NULL, NULL, '2021-12-11 10:38:53.594315', '2021-12-11 10:38:53.594315'),
    ('f34d6b37-5a20-42c1-a4f0-39ca1669d5aa', '2310', '774569b5-5738-4a9f-a76d-36f28c28c6b2', 0, 1, 0, 0, NULL, NULL, NULL, '2021-12-11 10:38:53.778476', '2021-12-11 10:38:53.778476'),
    ('f38a2c20-e83d-45d1-8fb2-a8a765f5bd6c', '6590', 'b1313a47-1817-4feb-8956-a5e05e1a27e4', 1, 0, 0, 0, NULL, NULL, NULL, '2021-12-11 10:38:54.510319', '2021-12-11 10:38:54.510319'),
    ('f4f898fc-a9e0-438c-afab-ef948f58ec28', '6640', 'b1313a47-1817-4feb-8956-a5e05e1a27e4', 1, 0, 0, 0, NULL, NULL, NULL, '2021-12-11 10:38:54.571773', '2021-12-11 10:38:54.571773'),
    ('f5878075-fed5-4101-9620-b16ef9b7b1a4', '6520', 'b1313a47-1817-4feb-8956-a5e05e1a27e4', 1, 0, 0, 0, NULL, NULL, NULL, '2021-12-11 10:38:54.427077', '2021-12-11 10:38:54.427077'),
    ('f653e455-84c5-4422-b01c-7b800da2f91a', '2280', '99c04613-154d-4c78-894f-b81b5a2b4cf6', 0, 1, 0, 0, NULL, NULL, NULL, '2021-12-11 10:38:53.753964', '2021-12-11 10:38:53.753964'),
    ('f84181e6-acbe-4fca-b906-941f0169afb6', '2110', '64a9da65-a55e-481a-b5b3-eb26e2d76b3f', 0, 1, 0, 0, NULL, NULL, NULL, '2021-12-11 10:38:53.631961', '2021-12-11 10:38:53.631961'),
    ('f97ad12d-9aab-4dd5-a2b8-daf512e9851e', '1730', '50c3dfca-b603-41ea-878d-b1ac036c7043', 0, 1, 0, 0, NULL, NULL, NULL, '2021-12-11 10:38:53.520347', '2021-12-11 10:38:53.520347'),
    ('f9f7940b-4e56-44fa-9789-c023783eb3e0', '3100', '65852432-1cb9-456e-a943-48abb35cba5e', 0, 1, 0, 0, NULL, NULL, NULL, '2021-12-11 10:38:53.814126', '2021-12-11 10:38:53.814126'),
    ('fd025a00-8ba8-47bb-8f40-08d7e9c1c2c5', '6200', '62f69f63-da07-44c6-8133-bdba1a99d97f', 0, 0, 1, 0, NULL, NULL, NULL, '2021-12-11 10:38:54.089107', '2021-12-11 10:38:54.089107'),
    ('fd053b2e-c15d-4ca3-886e-27dbb0d8547e', '6930', '70a62e6e-9563-4b8b-9942-847c91573a84', 1, 0, 0, 0, NULL, NULL, NULL, '2021-12-11 10:38:54.848765', '2021-12-11 10:38:54.848765');
-- Table
INSERT INTO `ledger_balances` (`id`, `ledgerUuid`, `domainUuid`, `currency`, `balance`, `created_at`, `updated_at`) VALUES
    (139, '001050c4-dac7-4713-a48f-321960aae494', 'cee331fc-77ce-4267-944e-4539c6d1388e', 'CAD', '-428.92', '2021-12-11 10:38:54.990045', '2021-12-11 10:38:54.990045'),
    (140, '438c402b-124f-4870-a207-1fe2596bd7fe', 'cee331fc-77ce-4267-944e-4539c6d1388e', 'CAD', '749.47', '2021-12-11 10:38:54.998096', '2021-12-11 10:38:58.572258'),
    (141, '0a7a8c19-4be8-4fd6-8938-0ebdf437436f', 'cee331fc-77ce-4267-944e-4539c6d1388e', 'CAD', '-220.17', '2021-12-11 10:38:55.025412', '2021-12-11 10:38:58.581218'),
    (142, 'a5f4c118-862e-4939-ab95-4645f9f806c6', 'cee331fc-77ce-4267-944e-4539c6d1388e', 'CAD', '251.03', '2021-12-11 10:38:55.034096', '2021-12-11 10:38:58.036993'),
    (143, '5a5c1af9-b47d-414d-884f-909355dd83ee', 'cee331fc-77ce-4267-944e-4539c6d1388e', 'CAD', '132.19', '2021-12-11 10:38:55.060689', '2021-12-11 10:38:55.060689'),
    (144, '0afcafad-9a6f-4882-8840-56a8eb949069', 'cee331fc-77ce-4267-944e-4539c6d1388e', 'CAD', '861.56', '2021-12-11 10:38:55.068554', '2021-12-11 10:38:58.691226'),
    (145, '7e92bb6d-8295-4e95-b62f-63d123a87b3e', 'cee331fc-77ce-4267-944e-4539c6d1388e', 'CAD', '430.04', '2021-12-11 10:38:55.094720', '2021-12-11 10:38:55.094720'),
    (146, 'b15f7af7-797e-4b5d-ba5c-3949e8c0cbd4', 'cee331fc-77ce-4267-944e-4539c6d1388e', 'CAD', '-942.78', '2021-12-11 10:38:55.102633', '2021-12-11 10:38:57.516914'),
    (147, '843e99b2-29a7-47a5-a20f-879a428b42d6', 'cee331fc-77ce-4267-944e-4539c6d1388e', 'CAD', '204.58', '2021-12-11 10:38:55.128732', '2021-12-11 10:38:58.354738'),
    (148, 'c099fa45-b586-4f9c-970e-0717fc1e9430', 'cee331fc-77ce-4267-944e-4539c6d1388e', 'CAD', '-650.86', '2021-12-11 10:38:55.136665', '2021-12-11 10:38:57.816151'),
    (149, 'caf83c3a-a6a7-40f8-8d57-390bf6020e9c', 'cee331fc-77ce-4267-944e-4539c6d1388e', 'CAD', '-240.90', '2021-12-11 10:38:55.163370', '2021-12-11 10:38:55.163370'),
    (150, '7200698c-4acf-41d9-b614-9ba026783b53', 'cee331fc-77ce-4267-944e-4539c6d1388e', 'CAD', '911.70', '2021-12-11 10:38:55.171212', '2021-12-11 10:38:58.645073'),
    (151, 'f0f31403-4e4b-48ac-b768-32aef7a88a42', 'cee331fc-77ce-4267-944e-4539c6d1388e', 'CAD', '-184.47', '2021-12-11 10:38:55.197407', '2021-12-11 10:38:57.405733'),
    (152, '09ff16d9-4141-4dcd-8b8b-b23d6fb405ad', 'cee331fc-77ce-4267-944e-4539c6d1388e', 'CAD', '-1276.93', '2021-12-11 10:38:55.205374', '2021-12-11 10:38:57.697302'),
    (153, '0032b3a8-4851-4315-82dd-531af703712a', 'cee331fc-77ce-4267-944e-4539c6d1388e', 'CAD', '872.85', '2021-12-11 10:38:55.231926', '2021-12-11 10:38:57.442687'),
    (154, 'f97ad12d-9aab-4dd5-a2b8-daf512e9851e', 'cee331fc-77ce-4267-944e-4539c6d1388e', 'CAD', '-467.22', '2021-12-11 10:38:55.240040', '2021-12-11 10:38:57.733438'),
    (155, 'ef98ca02-2792-47e9-a38e-12b6cf184686', 'cee331fc-77ce-4267-944e-4539c6d1388e', 'CAD', '799.02', '2021-12-11 10:38:55.265904', '2021-12-11 10:38:57.369100'),
    (156, '967b614c-f72e-4c82-8c73-18ec987d7afb', 'cee331fc-77ce-4267-944e-4539c6d1388e', 'CAD', '-862.26', '2021-12-11 10:38:55.273990', '2021-12-11 10:38:55.273990'),
    (157, 'e10fff47-aa03-4ad8-bbeb-23916272bf3e', 'cee331fc-77ce-4267-944e-4539c6d1388e', 'CAD', '245.35', '2021-12-11 10:38:55.300754', '2021-12-11 10:38:55.300754'),
    (158, 'fd053b2e-c15d-4ca3-886e-27dbb0d8547e', 'cee331fc-77ce-4267-944e-4539c6d1388e', 'CAD', '-245.35', '2021-12-11 10:38:55.308957', '2021-12-11 10:38:55.308957'),
    (159, 'f2622d90-f587-470e-b98c-34513e84fcce', 'cee331fc-77ce-4267-944e-4539c6d1388e', 'CAD', '-955.70', '2021-12-11 10:38:55.335239', '2021-12-11 10:38:55.335239'),
    (160, '1a580e6b-2328-47de-a943-74533ad4d2d2', 'cee331fc-77ce-4267-944e-4539c6d1388e', 'CAD', '955.70', '2021-12-11 10:38:55.343230', '2021-12-11 10:38:55.343230'),
    (161, '18825868-303c-4c0c-ae70-cc0e98021f9c', 'cee331fc-77ce-4267-944e-4539c6d1388e', 'CAD', '510.87', '2021-12-11 10:38:55.369195', '2021-12-11 10:38:55.369195'),
    (162, '64a9da65-a55e-481a-b5b3-eb26e2d76b3f', 'cee331fc-77ce-4267-944e-4539c6d1388e', 'CAD', '-955.44', '2021-12-11 10:38:55.377173', '2021-12-11 10:38:57.742702'),
    (163, '4f4e5d33-b0e2-4abc-a76b-321af168d208', 'cee331fc-77ce-4267-944e-4539c6d1388e', 'CAD', '-1736.57', '2021-12-11 10:38:55.403578', '2021-12-11 10:38:57.989706'),
    (164, '8ec06635-7390-4278-b4cd-ae7681015516', 'cee331fc-77ce-4267-944e-4539c6d1388e', 'CAD', '889.68', '2021-12-11 10:38:55.411553', '2021-12-11 10:38:57.451583'),
    (165, '53d772ec-ca64-4b2e-8c5f-5e41ef9c2193', 'cee331fc-77ce-4267-944e-4539c6d1388e', 'CAD', '-242.53', '2021-12-11 10:38:55.437680', '2021-12-11 10:38:57.843474'),
    (166, '069c44b9-8ddb-4eee-a7b9-cf116f519410', 'cee331fc-77ce-4267-944e-4539c6d1388e', 'CAD', '796.74', '2021-12-11 10:38:55.445821', '2021-12-11 10:38:55.445821'),
    (167, '721b8c9c-b775-4f77-8a92-877829187c3c', 'cee331fc-77ce-4267-944e-4539c6d1388e', 'CAD', '-298.66', '2021-12-11 10:38:55.471940', '2021-12-11 10:38:55.471940'),
    (168, '0297eafb-e06b-4fce-a366-e886c4433708', 'cee331fc-77ce-4267-944e-4539c6d1388e', 'CAD', '571.32', '2021-12-11 10:38:55.479946', '2021-12-11 10:38:58.536995'),
    (169, '136ee121-7a9c-427c-8326-f4ed086c6e96', 'cee331fc-77ce-4267-944e-4539c6d1388e', 'CAD', '348.97', '2021-12-11 10:38:55.506244', '2021-12-11 10:38:57.479843'),
    (170, 'e309c9fb-2cbc-45c7-a802-e25d1bb6a720', 'cee331fc-77ce-4267-944e-4539c6d1388e', 'CAD', '-549.24', '2021-12-11 10:38:55.514145', '2021-12-11 10:38:58.064147'),
    (171, 'e4e12fd2-a020-4535-a2a7-bdf469ae9615', 'cee331fc-77ce-4267-944e-4539c6d1388e', 'CAD', '-362.48', '2021-12-11 10:38:55.541085', '2021-12-11 10:38:55.541085'),
    (172, 'da51b8f0-c7fd-46ee-a27f-22f6b91116a0', 'cee331fc-77ce-4267-944e-4539c6d1388e', 'CAD', '259.91', '2021-12-11 10:38:55.549032', '2021-12-11 10:38:58.473640'),
    (173, 'a3b24966-1ed2-4bb6-bfcd-f497f2ece126', 'cee331fc-77ce-4267-944e-4539c6d1388e', 'CAD', '886.42', '2021-12-11 10:38:55.575264', '2021-12-11 10:38:58.428962'),
    (174, '7461ddcf-9bde-4d99-ac5a-3c184386aef1', 'cee331fc-77ce-4267-944e-4539c6d1388e', 'CAD', '-414.43', '2021-12-11 10:38:55.583171', '2021-12-11 10:38:55.583171'),
    (175, 'e1641813-8a18-463e-b389-6823cae5d590', 'cee331fc-77ce-4267-944e-4539c6d1388e', 'CAD', '1114.19', '2021-12-11 10:38:55.609414', '2021-12-11 10:38:58.073093'),
    (176, '196bfe44-d5c6-4473-aed8-1cc7d787c6cd', 'cee331fc-77ce-4267-944e-4539c6d1388e', 'CAD', '-1480.68', '2021-12-11 10:38:55.617861', '2021-12-11 10:38:58.682210'),
    (177, 'a1cd9de2-ec61-4266-a809-506986c36c58', 'cee331fc-77ce-4267-944e-4539c6d1388e', 'CAD', '191.82', '2021-12-11 10:38:55.644117', '2021-12-11 10:38:55.644117'),
    (178, '88065d05-dd35-449c-90c5-ef97911a5190', 'cee331fc-77ce-4267-944e-4539c6d1388e', 'CAD', '-191.82', '2021-12-11 10:38:55.652494', '2021-12-11 10:38:55.652494'),
    (179, 'd76a195c-3681-45e0-8b62-cc74874ff4b4', 'cee331fc-77ce-4267-944e-4539c6d1388e', 'CAD', '8.96', '2021-12-11 10:38:55.679924', '2021-12-11 10:38:55.679924'),
    (180, '3c3afa3e-1557-493f-bcb5-2af072e67a08', 'cee331fc-77ce-4267-944e-4539c6d1388e', 'CAD', '-8.96', '2021-12-11 10:38:55.687793', '2021-12-11 10:38:55.687793'),
    (181, '7fb4b578-369a-457a-8ea9-ff738ef76e6c', 'cee331fc-77ce-4267-944e-4539c6d1388e', 'CAD', '788.02', '2021-12-11 10:38:55.714116', '2021-12-11 10:38:57.770554'),
    (182, '007e499d-fc5d-4f02-a30f-09342cad8b06', 'cee331fc-77ce-4267-944e-4539c6d1388e', 'CAD', '-847.02', '2021-12-11 10:38:55.721992', '2021-12-11 10:38:58.245504'),
    (183, '061dc8bc-8cfd-4a9c-9bce-723709f9245b', 'cee331fc-77ce-4267-944e-4539c6d1388e', 'CAD', '1788.57', '2021-12-11 10:38:55.748388', '2021-12-11 10:38:57.889301'),
    (184, '223941a3-7062-419b-bfab-b1980699d259', 'cee331fc-77ce-4267-944e-4539c6d1388e', 'CAD', '-1751.60', '2021-12-11 10:38:55.756445', '2021-12-11 10:38:58.391250'),
    (185, '35b4771b-1254-4e4c-be4f-32ea81100d3a', 'cee331fc-77ce-4267-944e-4539c6d1388e', 'CAD', '-236.18', '2021-12-11 10:38:55.783103', '2021-12-11 10:38:57.706447'),
    (186, '23e61184-2b83-45af-ad03-1dbb21b571bd', 'cee331fc-77ce-4267-944e-4539c6d1388e', 'CAD', '869.11', '2021-12-11 10:38:55.791341', '2021-12-11 10:38:57.661647'),
    (187, 'bfd92009-a5e5-499e-8b33-f774f5b2bcc9', 'cee331fc-77ce-4267-944e-4539c6d1388e', 'CAD', '884.70', '2021-12-11 10:38:55.817250', '2021-12-11 10:38:57.597904'),
    (188, 'db12d8ad-2bf2-4501-8dac-87f600418111', 'cee331fc-77ce-4267-944e-4539c6d1388e', 'CAD', '-675.32', '2021-12-11 10:38:55.825368', '2021-12-11 10:38:55.825368'),
    (189, 'ad0e3c48-c537-42b0-9dd1-03b55bbc6573', 'cee331fc-77ce-4267-944e-4539c6d1388e', 'CAD', '22.68', '2021-12-11 10:38:55.851470', '2021-12-11 10:38:55.851470'),
    (190, '4838ab2f-7396-4b0f-8fba-16f4aa5d10f0', 'cee331fc-77ce-4267-944e-4539c6d1388e', 'CAD', '674.76', '2021-12-11 10:38:55.859822', '2021-12-11 10:38:58.500619'),
    (191, '7477f8a1-097c-4906-8144-8b7a407f798a', 'cee331fc-77ce-4267-944e-4539c6d1388e', 'CAD', '920.17', '2021-12-11 10:38:55.885971', '2021-12-11 10:38:58.136475'),
    (192, '6fcc7279-4cad-4b51-9a7f-5dfaf28a2b29', 'cee331fc-77ce-4267-944e-4539c6d1388e', 'CAD', '-603.17', '2021-12-11 10:38:55.893819', '2021-12-11 10:38:55.893819'),
    (193, '18736fd8-3f5f-49a0-8a48-03708a4b01e7', 'cee331fc-77ce-4267-944e-4539c6d1388e', 'CAD', '445.40', '2021-12-11 10:38:55.920026', '2021-12-11 10:38:55.920026'),
    (194, '1df7c60e-be1d-49f2-9b7f-1538d0899bc4', 'cee331fc-77ce-4267-944e-4539c6d1388e', 'CAD', '-622.97', '2021-12-11 10:38:55.928025', '2021-12-11 10:38:57.925659'),
    (195, '207f2b72-6f7e-49fa-862a-665308f11eb0', 'cee331fc-77ce-4267-944e-4539c6d1388e', 'CAD', '357.55', '2021-12-11 10:38:55.954131', '2021-12-11 10:38:58.617624'),
    (196, '79378440-cead-46e3-937b-42f55644dbc6', 'cee331fc-77ce-4267-944e-4539c6d1388e', 'CAD', '1149.10', '2021-12-11 10:38:55.962151', '2021-12-11 10:38:57.998517'),
    (197, '62f69f63-da07-44c6-8133-bdba1a99d97f', 'cee331fc-77ce-4267-944e-4539c6d1388e', 'CAD', '-966.01', '2021-12-11 10:38:55.988120', '2021-12-11 10:38:55.988120'),
    (198, '8a982266-f294-4cb5-a655-b6af70196466', 'cee331fc-77ce-4267-944e-4539c6d1388e', 'CAD', '966.01', '2021-12-11 10:38:55.996050', '2021-12-11 10:38:55.996050'),
    (199, '98accb40-2095-484d-b9d9-1d9ef044144d', 'cee331fc-77ce-4267-944e-4539c6d1388e', 'CAD', '688.27', '2021-12-11 10:38:56.022671', '2021-12-11 10:38:56.022671'),
    (200, '774569b5-5738-4a9f-a76d-36f28c28c6b2', 'cee331fc-77ce-4267-944e-4539c6d1388e', 'CAD', '-688.27', '2021-12-11 10:38:56.030966', '2021-12-11 10:38:56.030966'),
    (201, 'a9067293-e109-4f8c-bd65-3e0404ab2c2c', 'cee331fc-77ce-4267-944e-4539c6d1388e', 'CAD', '-478.32', '2021-12-11 10:38:56.057928', '2021-12-11 10:38:56.057928'),
    (202, '96acc346-f4fa-4661-9581-85c7b03f5acf', 'cee331fc-77ce-4267-944e-4539c6d1388e', 'CAD', '580.89', '2021-12-11 10:38:56.065837', '2021-12-11 10:38:58.464594'),
    (203, '2e62ce3d-b146-4db2-8ada-73ee783c98a4', 'cee331fc-77ce-4267-944e-4539c6d1388e', 'CAD', '-22.01', '2021-12-11 10:38:56.092402', '2021-12-11 10:38:56.092402'),
    (204, 'd7c619e7-e634-4511-aee7-2fc7c2f24f01', 'cee331fc-77ce-4267-944e-4539c6d1388e', 'CAD', '22.01', '2021-12-11 10:38:56.100268', '2021-12-11 10:38:56.100268'),
    (205, 'f5878075-fed5-4101-9620-b16ef9b7b1a4', 'cee331fc-77ce-4267-944e-4539c6d1388e', 'CAD', '828.84', '2021-12-11 10:38:56.126453', '2021-12-11 10:38:57.670632'),
    (206, '50c3dfca-b603-41ea-878d-b1ac036c7043', 'cee331fc-77ce-4267-944e-4539c6d1388e', 'CAD', '-974.39', '2021-12-11 10:38:56.134364', '2021-12-11 10:38:56.134364'),
    (207, 'd504e08f-359a-4c20-b7f4-abf8b142d49f', 'cee331fc-77ce-4267-944e-4539c6d1388e', 'CAD', '143.65', '2021-12-11 10:38:56.160529', '2021-12-11 10:38:58.437956'),
    (208, 'f38a2c20-e83d-45d1-8fb2-a8a765f5bd6c', 'cee331fc-77ce-4267-944e-4539c6d1388e', 'CAD', '-615.64', '2021-12-11 10:38:56.168640', '2021-12-11 10:38:56.168640'),
    (209, '66b8ecb2-d399-4018-8e87-b1f5f9840aa7', 'cee331fc-77ce-4267-944e-4539c6d1388e', 'CAD', '192.68', '2021-12-11 10:38:56.195196', '2021-12-11 10:38:56.195196'),
    (210, '954c5a22-ef93-45ee-891b-393f0e9e2fec', 'cee331fc-77ce-4267-944e-4539c6d1388e', 'CAD', '-192.68', '2021-12-11 10:38:56.203325', '2021-12-11 10:38:56.203325'),
    (211, '8a469847-a1b0-4d22-a616-097637f8f4f6', 'cee331fc-77ce-4267-944e-4539c6d1388e', 'CAD', '628.18', '2021-12-11 10:38:56.229149', '2021-12-11 10:38:56.229149'),
    (212, 'a7eaea83-769c-46d3-8477-2aa13926dded', 'cee331fc-77ce-4267-944e-4539c6d1388e', 'CAD', '-628.18', '2021-12-11 10:38:56.237204', '2021-12-11 10:38:56.237204'),
    (213, 'c733d260-b073-49e3-a030-8f0b31785862', 'cee331fc-77ce-4267-944e-4539c6d1388e', 'CAD', '485.82', '2021-12-11 10:38:56.263399', '2021-12-11 10:38:56.263399'),
    (214, 'd5bb01b8-9faf-4dbc-a36e-9aedfcd0dc74', 'cee331fc-77ce-4267-944e-4539c6d1388e', 'CAD', '-485.82', '2021-12-11 10:38:56.271274', '2021-12-11 10:38:56.271274'),
    (215, '4092e8f4-374b-476c-aaa3-ca71ad359390', 'cee331fc-77ce-4267-944e-4539c6d1388e', 'CAD', '236.59', '2021-12-11 10:38:56.298388', '2021-12-11 10:38:56.298388'),
    (216, '2416d1f4-0f2b-4e77-8ae7-7b1c827e48f7', 'cee331fc-77ce-4267-944e-4539c6d1388e', 'CAD', '-236.59', '2021-12-11 10:38:56.306366', '2021-12-11 10:38:56.306366'),
    (217, 'b6cc63ae-6c38-4033-b516-dc3d23cd5506', 'cee331fc-77ce-4267-944e-4539c6d1388e', 'CAD', '-1222.52', '2021-12-11 10:38:56.332659', '2021-12-11 10:38:58.608299'),
    (218, '8b9bafbf-549d-4f2f-a0fd-c95970033c77', 'cee331fc-77ce-4267-944e-4539c6d1388e', 'CAD', '284.70', '2021-12-11 10:38:56.340626', '2021-12-11 10:38:58.145319'),
    (219, '34457701-68f1-40ec-9dd5-494f5463a17c', 'cee331fc-77ce-4267-944e-4539c6d1388e', 'CAD', '1116.62', '2021-12-11 10:38:56.366906', '2021-12-11 10:38:57.552948'),
    (220, 'f653e455-84c5-4422-b01c-7b800da2f91a', 'cee331fc-77ce-4267-944e-4539c6d1388e', 'CAD', '-728.07', '2021-12-11 10:38:56.374736', '2021-12-11 10:38:56.374736'),
    (221, 'f9f7940b-4e56-44fa-9789-c023783eb3e0', 'cee331fc-77ce-4267-944e-4539c6d1388e', 'CAD', '-594.74', '2021-12-11 10:38:56.401202', '2021-12-11 10:38:56.401202'),
    (222, '2eab2af5-44da-42e9-b621-559f7ef45809', 'cee331fc-77ce-4267-944e-4539c6d1388e', 'CAD', '868.63', '2021-12-11 10:38:56.409575', '2021-12-11 10:38:58.254351'),
    (223, 'f4f898fc-a9e0-438c-afab-ef948f58ec28', 'cee331fc-77ce-4267-944e-4539c6d1388e', 'CAD', '-498.17', '2021-12-11 10:38:56.435461', '2021-12-11 10:38:57.952931'),
    (224, '70a62e6e-9563-4b8b-9942-847c91573a84', 'cee331fc-77ce-4267-944e-4539c6d1388e', 'CAD', '99.87', '2021-12-11 10:38:56.443532', '2021-12-11 10:38:58.218061'),
    (225, '772cd060-2ad3-45dd-9a7d-8115ea2ba42e', 'cee331fc-77ce-4267-944e-4539c6d1388e', 'CAD', '-733.25', '2021-12-11 10:38:56.471022', '2021-12-11 10:38:56.471022'),
    (226, '696bb543-0b20-456e-b60e-b119f4b3570c', 'cee331fc-77ce-4267-944e-4539c6d1388e', 'CAD', '733.25', '2021-12-11 10:38:56.479506', '2021-12-11 10:38:56.479506'),
    (227, 'd58f8970-de65-43bd-b4c5-e3b105418c7a', 'cee331fc-77ce-4267-944e-4539c6d1388e', 'CAD', '945.55', '2021-12-11 10:38:56.505978', '2021-12-11 10:38:56.505978'),
    (228, 'b1ec0532-7834-4ac6-8b83-6fb378a9f4e2', 'cee331fc-77ce-4267-944e-4539c6d1388e', 'CAD', '-1334.10', '2021-12-11 10:38:56.514032', '2021-12-11 10:38:57.561960'),
    (229, '492a8e4d-b8b1-4b35-943e-2bb9ba7fa055', 'cee331fc-77ce-4267-944e-4539c6d1388e', 'CAD', '-1266.01', '2021-12-11 10:38:56.540475', '2021-12-11 10:38:58.109224'),
    (230, '1b71c79a-68de-4340-a71e-7f5f52c93df9', 'cee331fc-77ce-4267-944e-4539c6d1388e', 'CAD', '349.23', '2021-12-11 10:38:56.548606', '2021-12-11 10:38:56.548606'),
    (231, '74881650-2769-491b-b2d3-2d9d9de4b392', 'cee331fc-77ce-4267-944e-4539c6d1388e', 'CAD', '-817.26', '2021-12-11 10:38:56.575115', '2021-12-11 10:38:57.378092'),
    (232, 'f2aa66e6-3b2c-408a-9edb-94100964a254', 'cee331fc-77ce-4267-944e-4539c6d1388e', 'CAD', '880.50', '2021-12-11 10:38:56.583135', '2021-12-11 10:38:56.583135'),
    (233, '46110285-0db3-4dc9-90af-57d56c39d8ef', 'cee331fc-77ce-4267-944e-4539c6d1388e', 'CAD', '-738.67', '2021-12-11 10:38:56.609175', '2021-12-11 10:38:57.634272'),
    (234, 'bc2fd3f7-6cc1-4511-b4d8-ce104ca311fb', 'cee331fc-77ce-4267-944e-4539c6d1388e', 'CAD', '-219.88', '2021-12-11 10:38:56.617733', '2021-12-11 10:38:58.318143'),
    (235, '3d91954e-c524-4bba-b410-e0e213bd5832', 'cee331fc-77ce-4267-944e-4539c6d1388e', 'CAD', '1388.68', '2021-12-11 10:38:56.644329', '2021-12-11 10:38:58.363615'),
    (236, 'a4df5e1b-0310-42c1-9602-75f06ea6a92a', 'cee331fc-77ce-4267-944e-4539c6d1388e', 'CAD', '-736.83', '2021-12-11 10:38:56.652398', '2021-12-11 10:38:57.916602'),
    (237, 'd47d1904-2828-45f9-a050-40cd2a9bfbe6', 'cee331fc-77ce-4267-944e-4539c6d1388e', 'CAD', '-377.55', '2021-12-11 10:38:56.678549', '2021-12-11 10:38:56.678549'),
    (238, '39765f54-fcd1-4943-b6e3-32545cc42883', 'cee331fc-77ce-4267-944e-4539c6d1388e', 'CAD', '377.55', '2021-12-11 10:38:56.686475', '2021-12-11 10:38:56.686475'),
    (239, '569b23c0-73ea-4ad3-adb9-2dbac0ea303d', 'cee331fc-77ce-4267-944e-4539c6d1388e', 'CAD', '-52.89', '2021-12-11 10:38:56.712870', '2021-12-11 10:38:57.625377'),
    (240, '5e5e42c2-732a-4251-abc7-d88e6703e308', 'cee331fc-77ce-4267-944e-4539c6d1388e', 'CAD', '922.58', '2021-12-11 10:38:56.720740', '2021-12-11 10:38:56.720740'),
    (241, '5020e42b-7e7e-4dc9-b965-4f5d1c590223', 'cee331fc-77ce-4267-944e-4539c6d1388e', 'CAD', '-228.81', '2021-12-11 10:38:56.746989', '2021-12-11 10:38:57.489556'),
    (242, '01a25090-5252-4b77-acd4-96ada0f43d9a', 'cee331fc-77ce-4267-944e-4539c6d1388e', 'CAD', '-198.18', '2021-12-11 10:38:56.755561', '2021-12-11 10:38:56.755561'),
    (243, '73b086ca-c82b-4d5e-b20c-25475a77d652', 'cee331fc-77ce-4267-944e-4539c6d1388e', 'CAD', '-740.09', '2021-12-11 10:38:56.781630', '2021-12-11 10:38:56.781630'),
    (244, '65852432-1cb9-456e-a943-48abb35cba5e', 'cee331fc-77ce-4267-944e-4539c6d1388e', 'CAD', '740.09', '2021-12-11 10:38:56.789790', '2021-12-11 10:38:56.789790'),
    (245, '0c4e1088-4616-472a-b6d9-4e81e94c6717', 'cee331fc-77ce-4267-944e-4539c6d1388e', 'CAD', '13.76', '2021-12-11 10:38:56.816370', '2021-12-11 10:38:58.509636'),
    (246, 'b38294b2-8c8e-4a57-af2f-55f412e800b9', 'cee331fc-77ce-4267-944e-4539c6d1388e', 'CAD', '-622.34', '2021-12-11 10:38:56.824565', '2021-12-11 10:38:58.327357'),
    (247, 'b8287604-70a4-4a74-b098-236a6c41ef52', 'cee331fc-77ce-4267-944e-4539c6d1388e', 'CAD', '-260.64', '2021-12-11 10:38:56.851173', '2021-12-11 10:38:58.181604'),
    (248, '1439085f-d11c-4b51-b795-08138bbba863', 'cee331fc-77ce-4267-944e-4539c6d1388e', 'CAD', '202.42', '2021-12-11 10:38:56.859098', '2021-12-11 10:38:58.400087'),
    (249, '2f2b2eec-4820-4db1-a8fc-dfebc9e67120', 'cee331fc-77ce-4267-944e-4539c6d1388e', 'CAD', '470.97', '2021-12-11 10:38:56.885581', '2021-12-11 10:38:56.885581'),
    (250, '608b9462-bda1-4fb2-9d37-8751ab990e38', 'cee331fc-77ce-4267-944e-4539c6d1388e', 'CAD', '-470.97', '2021-12-11 10:38:56.893512', '2021-12-11 10:38:56.893512'),
    (251, 'd51b1ca8-5234-4087-8406-89a22352954d', 'cee331fc-77ce-4267-944e-4539c6d1388e', 'CAD', '1299.45', '2021-12-11 10:38:56.920140', '2021-12-11 10:38:58.281908'),
    (252, 'd905947c-3d56-413d-8ce8-4a8ea779aeba', 'cee331fc-77ce-4267-944e-4539c6d1388e', 'CAD', '-449.06', '2021-12-11 10:38:56.928123', '2021-12-11 10:38:56.928123'),
    (253, '87faf93d-59b2-4fba-94b4-4f3d870b5333', 'cee331fc-77ce-4267-944e-4539c6d1388e', 'CAD', '-711.25', '2021-12-11 10:38:56.955278', '2021-12-11 10:38:58.653814'),
    (254, 'd8dfac70-ba9e-4565-8585-4aee07a979b3', 'cee331fc-77ce-4267-944e-4539c6d1388e', 'CAD', '40.45', '2021-12-11 10:38:56.963821', '2021-12-11 10:38:56.963821'),
    (255, '0b6f71d9-3c70-49a2-9b80-ef15a80ef2c3', 'cee331fc-77ce-4267-944e-4539c6d1388e', 'CAD', '-717.00', '2021-12-11 10:38:56.990116', '2021-12-11 10:38:56.990116'),
    (256, 'af2c583a-fb97-4712-8c1f-8377b80270c2', 'cee331fc-77ce-4267-944e-4539c6d1388e', 'CAD', '1691.02', '2021-12-11 10:38:56.998484', '2021-12-11 10:38:57.414851'),
    (257, 'dbed7187-e654-41ee-898a-b6fc89518a7c', 'cee331fc-77ce-4267-944e-4539c6d1388e', 'CAD', '-1028.06', '2021-12-11 10:38:57.025345', '2021-12-11 10:38:57.852956'),
    (258, '80f6e7c7-3116-4cf1-b805-9178919c231e', 'cee331fc-77ce-4267-944e-4539c6d1388e', 'CAD', '258.96', '2021-12-11 10:38:57.033620', '2021-12-11 10:38:57.779378'),
    (259, '384085a0-434c-479b-9006-27ea1ffcac4a', 'cee331fc-77ce-4267-944e-4539c6d1388e', 'CAD', '1497.84', '2021-12-11 10:38:57.059307', '2021-12-11 10:38:57.962412'),
    (260, '99c04613-154d-4c78-894f-b81b5a2b4cf6', 'cee331fc-77ce-4267-944e-4539c6d1388e', 'CAD', '-725.60', '2021-12-11 10:38:57.067172', '2021-12-11 10:38:57.067172'),
    (261, '61162dfc-7729-439a-8608-61ccb141041a', 'cee331fc-77ce-4267-944e-4539c6d1388e', 'CAD', '340.81', '2021-12-11 10:38:57.093147', '2021-12-11 10:38:58.026896'),
    (262, 'dbb7a4e5-54b7-4895-90aa-bb2f9978db07', 'cee331fc-77ce-4267-944e-4539c6d1388e', 'CAD', '-692.22', '2021-12-11 10:38:57.101395', '2021-12-11 10:38:57.101395'),
    (263, 'fd025a00-8ba8-47bb-8f40-08d7e9c1c2c5', 'cee331fc-77ce-4267-944e-4539c6d1388e', 'CAD', '829.16', '2021-12-11 10:38:57.127502', '2021-12-11 10:38:57.807039'),
    (264, 'f34d6b37-5a20-42c1-a4f0-39ca1669d5aa', 'cee331fc-77ce-4267-944e-4539c6d1388e', 'CAD', '-1066.54', '2021-12-11 10:38:57.135516', '2021-12-11 10:38:57.588992'),
    (265, '93b0e9a1-bdb1-47d2-90f1-9374d52372ab', 'cee331fc-77ce-4267-944e-4539c6d1388e', 'CAD', '728.70', '2021-12-11 10:38:57.161669', '2021-12-11 10:38:58.100146'),
    (266, 'b1313a47-1817-4feb-8956-a5e05e1a27e4', 'cee331fc-77ce-4267-944e-4539c6d1388e', 'CAD', '188.08', '2021-12-11 10:38:57.169769', '2021-12-11 10:38:57.169769'),
    (267, 'ad3df562-f848-409a-86d6-f7abccc8d2f9', 'cee331fc-77ce-4267-944e-4539c6d1388e', 'CAD', '-214.57', '2021-12-11 10:38:57.197217', '2021-12-11 10:38:57.197217'),
    (268, 'f84181e6-acbe-4fca-b906-941f0169afb6', 'cee331fc-77ce-4267-944e-4539c6d1388e', 'CAD', '-727.24', '2021-12-11 10:38:57.205357', '2021-12-11 10:38:57.880342'),
    (269, 'd1caad45-f833-42c9-af64-4b692428a21d', 'cee331fc-77ce-4267-944e-4539c6d1388e', 'CAD', '-165.60', '2021-12-11 10:38:57.233055', '2021-12-11 10:38:57.233055'),
    (270, '0b0c1450-1612-42a9-bc88-9cf586caf118', 'cee331fc-77ce-4267-944e-4539c6d1388e', 'CAD', '678.34', '2021-12-11 10:38:57.240647', '2021-12-11 10:38:57.525756'),
    (271, '42dfda44-20ca-48a3-a173-a31bad989e77', 'cee331fc-77ce-4267-944e-4539c6d1388e', 'CAD', '839.09', '2021-12-11 10:38:57.267040', '2021-12-11 10:38:58.172491'),
    (272, '24bd8f28-65ad-4bcc-83fd-9c40e1ef6838', 'cee331fc-77ce-4267-944e-4539c6d1388e', 'CAD', '123.97', '2021-12-11 10:38:57.274990', '2021-12-11 10:38:57.274990'),
    (273, 'c01442eb-5f39-4608-acd4-b1c5e817f18e', 'cee331fc-77ce-4267-944e-4539c6d1388e', 'CAD', '-1579.62', '2021-12-11 10:38:57.301225', '2021-12-11 10:38:58.290957'),
    (274, '08bdb94e-8963-48ef-93b9-d4304cd9f180', 'cee331fc-77ce-4267-944e-4539c6d1388e', 'CAD', '456.57', '2021-12-11 10:38:57.309548', '2021-12-11 10:38:58.545973'),
    (275, '0ae4b7cd-3e15-4fba-ab88-583547d6eefe', 'cee331fc-77ce-4267-944e-4539c6d1388e', 'CAD', '-357.66', '2021-12-11 10:38:57.335482', '2021-12-11 10:38:58.209001'),
    (276, '019760bb-a65c-4749-b25e-47d01fd56017', 'cee331fc-77ce-4267-944e-4539c6d1388e', 'CAD', '-16.28', '2021-12-11 10:38:57.343517', '2021-12-11 10:38:57.343517');
-- Table
INSERT INTO `ledger_currencies` (`code`, `decimals`, `revision`, `created_at`, `updated_at`) VALUES
    ('CAD', 2, NULL, '2021-12-11 10:38:52.682916', '2021-12-11 10:38:52.682916'),
    ('ZZZ', 4, NULL, '2021-12-11 10:38:52.687573', '2021-12-11 10:38:52.687573');
-- Table
INSERT INTO `ledger_domains` (`domainUuid`, `code`, `extra`, `flex`, `currencyDefault`, `subJournals`, `revision`, `created_at`, `updated_at`) VALUES
    ('cee331fc-77ce-4267-944e-4539c6d1388e', 'CORP', NULL, NULL, 'CAD', 0, NULL, '2021-12-11 10:38:52.702824', '2021-12-11 10:38:52.702824');
-- Table
INSERT INTO `ledger_names` (`id`, `ownerUuid`, `language`, `name`, `created_at`, `updated_at`) VALUES
 (144, 'cee331fc-77ce-4267-944e-4539c6d1388e', 'en-CA', 'General Corporate', '2021-12-11 10:38:52.708461', '2021-12-11 10:38:52.708461'),
 (145, 'cee331fc-77ce-4267-944e-4539c6d1388e', 'fr-CA', 'Gnral Corporatif', '2021-12-11 10:38:52.713536', '2021-12-11 10:38:52.713536'),
 (146, '70f4fa53-f215-4e59-bbfa-fff914a9e646', 'en-CA', 'General Ledger Test', '2021-12-11 10:38:53.214007', '2021-12-11 10:38:53.214007'),
 (147, '70f4fa53-f215-4e59-bbfa-fff914a9e646', 'fr-CA', 'Tester le grand livre', '2021-12-11 10:38:53.218300', '2021-12-11 10:38:53.218300'),
 (148, '1b71c79a-68de-4340-a71e-7f5f52c93df9', 'en', 'Assets', '2021-12-11 10:38:53.229779', '2021-12-11 10:38:53.229779'),
 (149, 'd7c619e7-e634-4511-aee7-2fc7c2f24f01', 'en', 'Current Assets', '2021-12-11 10:38:53.243025', '2021-12-11 10:38:53.243025'),
 (150, 'd1caad45-f833-42c9-af64-4b692428a21d', 'en', 'Cash and cash equivalents', '2021-12-11 10:38:53.254857', '2021-12-11 10:38:53.254857'),
 (151, 'd504e08f-359a-4c20-b7f4-abf8b142d49f', 'en', 'Bank checking', '2021-12-11 10:38:53.266768', '2021-12-11 10:38:53.266768'),
 (152, 'd504e08f-359a-4c20-b7f4-abf8b142d49f', 'en-CA', 'Bank chequing', '2021-12-11 10:38:53.271412', '2021-12-11 10:38:53.271412'),
 (153, '207f2b72-6f7e-49fa-862a-665308f11eb0', 'en', 'Bank savings', '2021-12-11 10:38:53.283067', '2021-12-11 10:38:53.283067'),
 (154, '967b614c-f72e-4c82-8c73-18ec987d7afb', 'en', 'Online savings', '2021-12-11 10:38:53.294881', '2021-12-11 10:38:53.294881'),
 (155, 'e309c9fb-2cbc-45c7-a802-e25d1bb6a720', 'en', 'Petty cash', '2021-12-11 10:38:53.307352', '2021-12-11 10:38:53.307352'),
 (156, '1439085f-d11c-4b51-b795-08138bbba863', 'en', 'Credit card processor', '2021-12-11 10:38:53.318954', '2021-12-11 10:38:53.318954'),
 (157, '954c5a22-ef93-45ee-891b-393f0e9e2fec', 'en', 'Short term marketable securities', '2021-12-11 10:38:53.332083', '2021-12-11 10:38:53.332083'),
 (158, '721b8c9c-b775-4f77-8a92-877829187c3c', 'en', 'Bonds', '2021-12-11 10:38:53.345105', '2021-12-11 10:38:53.345105'),
 (159, '96acc346-f4fa-4661-9581-85c7b03f5acf', 'en', 'Accounts receivable', '2021-12-11 10:38:53.357385', '2021-12-11 10:38:53.357385'),
 (160, 'b8287604-70a4-4a74-b098-236a6c41ef52', 'en', 'Current accounts receivable', '2021-12-11 10:38:53.369314', '2021-12-11 10:38:53.369314'),
 (161, '2e62ce3d-b146-4db2-8ada-73ee783c98a4', 'en', 'Allowance for doubtful debts', '2021-12-11 10:38:53.380995', '2021-12-11 10:38:53.380995'),
 (162, '061dc8bc-8cfd-4a9c-9bce-723709f9245b', 'en', 'Inventory', '2021-12-11 10:38:53.394366', '2021-12-11 10:38:53.394366'),
 (163, 'a7eaea83-769c-46d3-8477-2aa13926dded', 'en', 'Raw materials', '2021-12-11 10:38:53.406586', '2021-12-11 10:38:53.406586'),
 (164, '35b4771b-1254-4e4c-be4f-32ea81100d3a', 'en', 'Work in progress', '2021-12-11 10:38:53.419044', '2021-12-11 10:38:53.419044'),
 (165, '569b23c0-73ea-4ad3-adb9-2dbac0ea303d', 'en', 'Finished goods', '2021-12-11 10:38:53.430791', '2021-12-11 10:38:53.430791'),
 (166, '79378440-cead-46e3-937b-42f55644dbc6', 'en', 'Other receivables', '2021-12-11 10:38:53.443998', '2021-12-11 10:38:53.443998'),
 (167, 'b6cc63ae-6c38-4033-b516-dc3d23cd5506', 'en', 'Prepayments', '2021-12-11 10:38:53.456076', '2021-12-11 10:38:53.456076'),
 (168, 'd51b1ca8-5234-4087-8406-89a22352954d', 'en', 'Long term assets', '2021-12-11 10:38:53.468180', '2021-12-11 10:38:53.468180'),
 (169, 'dbed7187-e654-41ee-898a-b6fc89518a7c', 'en', 'Long term marketable securities', '2021-12-11 10:38:53.479918', '2021-12-11 10:38:53.479918'),
 (170, '50c3dfca-b603-41ea-878d-b1ac036c7043', 'en', 'Property, plant and equipment', '2021-12-11 10:38:53.491970', '2021-12-11 10:38:53.491970'),
 (171, '6fcc7279-4cad-4b51-9a7f-5dfaf28a2b29', 'en', 'Property Depreciation', '2021-12-11 10:38:53.503792', '2021-12-11 10:38:53.503792'),
 (172, '5e5e42c2-732a-4251-abc7-d88e6703e308', 'en', 'Plant', '2021-12-11 10:38:53.515524', '2021-12-11 10:38:53.515524'),
 (173, 'f97ad12d-9aab-4dd5-a2b8-daf512e9851e', 'en', 'Plant depreciation', '2021-12-11 10:38:53.528372', '2021-12-11 10:38:53.528372'),
 (174, '0032b3a8-4851-4315-82dd-531af703712a', 'en', 'Equipment', '2021-12-11 10:38:53.540045', '2021-12-11 10:38:53.540045'),
 (175, '069c44b9-8ddb-4eee-a7b9-cf116f519410', 'en', 'Equipment depreciation', '2021-12-11 10:38:53.552062', '2021-12-11 10:38:53.552062'),
 (176, '3c3afa3e-1557-493f-bcb5-2af072e67a08', 'en', 'Goodwill', '2021-12-11 10:38:53.565564', '2021-12-11 10:38:53.565564'),
 (177, '93b0e9a1-bdb1-47d2-90f1-9374d52372ab', 'en', 'Intellectual property', '2021-12-11 10:38:53.577456', '2021-12-11 10:38:53.577456'),
 (178, 'caf83c3a-a6a7-40f8-8d57-390bf6020e9c', 'en', 'Intellectual property amortization', '2021-12-11 10:38:53.589326', '2021-12-11 10:38:53.589326'),
 (179, 'f2aa66e6-3b2c-408a-9edb-94100964a254', 'en', 'Other assets', '2021-12-11 10:38:53.601571', '2021-12-11 10:38:53.601571'),
 (180, 'b15f7af7-797e-4b5d-ba5c-3949e8c0cbd4', 'en', 'Liabilities', '2021-12-11 10:38:53.614957', '2021-12-11 10:38:53.614957'),
 (181, '64a9da65-a55e-481a-b5b3-eb26e2d76b3f', 'en', 'Current Liabilities', '2021-12-11 10:38:53.627018', '2021-12-11 10:38:53.627018'),
 (182, 'f84181e6-acbe-4fca-b906-941f0169afb6', 'en', 'Notes payable', '2021-12-11 10:38:53.639052', '2021-12-11 10:38:53.639052'),
 (183, '4838ab2f-7396-4b0f-8fba-16f4aa5d10f0', 'en', 'Accounts payable', '2021-12-11 10:38:53.650942', '2021-12-11 10:38:53.650942'),
 (184, '99c04613-154d-4c78-894f-b81b5a2b4cf6', 'en', 'Other current liabilities', '2021-12-11 10:38:53.662802', '2021-12-11 10:38:53.662802'),
 (185, '8a982266-f294-4cb5-a655-b6af70196466', 'en', 'Payroll payable', '2021-12-11 10:38:53.675140', '2021-12-11 10:38:53.675140'),
 (186, '0afcafad-9a6f-4882-8840-56a8eb949069', 'en', 'Interest payable', '2021-12-11 10:38:53.686995', '2021-12-11 10:38:53.686995'),
 (187, 'ef98ca02-2792-47e9-a38e-12b6cf184686', 'en', 'Accrued expenses', '2021-12-11 10:38:53.698900', '2021-12-11 10:38:53.698900'),
 (188, '3d91954e-c524-4bba-b410-e0e213bd5832', 'en', 'Unearned revenue', '2021-12-11 10:38:53.711922', '2021-12-11 10:38:53.711922'),
 (189, 'c099fa45-b586-4f9c-970e-0717fc1e9430', 'en', 'Sales Tax payable', '2021-12-11 10:38:53.723755', '2021-12-11 10:38:53.723755'),
 (190, 'c01442eb-5f39-4608-acd4-b1c5e817f18e', 'en', 'Purchase Tax payable', '2021-12-11 10:38:53.736058', '2021-12-11 10:38:53.736058'),
 (191, '0b0c1450-1612-42a9-bc88-9cf586caf118', 'en', 'Payroll tax payable', '2021-12-11 10:38:53.748894', '2021-12-11 10:38:53.748894'),
 (192, 'f653e455-84c5-4422-b01c-7b800da2f91a', 'en', 'Income tax payable', '2021-12-11 10:38:53.761149', '2021-12-11 10:38:53.761149'),
 (193, '774569b5-5738-4a9f-a76d-36f28c28c6b2', 'en', 'Long-term liabilities', '2021-12-11 10:38:53.773160', '2021-12-11 10:38:53.773160'),
 (194, 'f34d6b37-5a20-42c1-a4f0-39ca1669d5aa', 'en', 'Mortgage loan', '2021-12-11 10:38:53.785420', '2021-12-11 10:38:53.785420'),
 (195, '001050c4-dac7-4713-a48f-321960aae494', 'en', 'Bonds payable', '2021-12-11 10:38:53.797300', '2021-12-11 10:38:53.797300'),
 (196, '65852432-1cb9-456e-a943-48abb35cba5e', 'en', 'Equity', '2021-12-11 10:38:53.809174', '2021-12-11 10:38:53.809174'),
 (197, 'f9f7940b-4e56-44fa-9789-c023783eb3e0', 'en', 'Common stock', '2021-12-11 10:38:53.821421', '2021-12-11 10:38:53.821421'),
 (198, '24bd8f28-65ad-4bcc-83fd-9c40e1ef6838', 'en', 'Retained earnings', '2021-12-11 10:38:53.833348', '2021-12-11 10:38:53.833348'),
 (199, '1a580e6b-2328-47de-a943-74533ad4d2d2', 'en', 'Income', '2021-12-11 10:38:53.845260', '2021-12-11 10:38:53.845260'),
 (200, 'bc2fd3f7-6cc1-4511-b4d8-ce104ca311fb', 'en', 'Revenue', '2021-12-11 10:38:53.857458', '2021-12-11 10:38:53.857458'),
 (201, '696bb543-0b20-456e-b60e-b119f4b3570c', 'en', 'Sales', '2021-12-11 10:38:53.869426', '2021-12-11 10:38:53.869426'),
 (202, 'ad0e3c48-c537-42b0-9dd1-03b55bbc6573', 'en', 'Discounts allowed', '2021-12-11 10:38:53.881396', '2021-12-11 10:38:53.881396'),
 (203, '5a5c1af9-b47d-414d-884f-909355dd83ee', 'en', 'Other Income', '2021-12-11 10:38:53.893504', '2021-12-11 10:38:53.893504'),
 (204, 'd58f8970-de65-43bd-b4c5-e3b105418c7a', 'en', 'Gain on sale of assets', '2021-12-11 10:38:53.905809', '2021-12-11 10:38:53.905809'),
 (205, 'e4e12fd2-a020-4535-a2a7-bdf469ae9615', 'en', 'Interest income', '2021-12-11 10:38:53.917508', '2021-12-11 10:38:53.917508'),
 (206, 'dbb7a4e5-54b7-4895-90aa-bb2f9978db07', 'en', 'Insurance claims', '2021-12-11 10:38:53.929735', '2021-12-11 10:38:53.929735'),
 (207, '46110285-0db3-4dc9-90af-57d56c39d8ef', 'en', 'Rent income', '2021-12-11 10:38:53.941461', '2021-12-11 10:38:53.941461'),
 (208, '7461ddcf-9bde-4d99-ac5a-3c184386aef1', 'en', 'Cost of sales', '2021-12-11 10:38:53.953230', '2021-12-11 10:38:53.953230'),
 (209, 'da51b8f0-c7fd-46ee-a27f-22f6b91116a0', 'en', 'Materials purchased', '2021-12-11 10:38:53.964845', '2021-12-11 10:38:53.964845'),
 (210, '18825868-303c-4c0c-ae70-cc0e98021f9c', 'en', 'Packaging', '2021-12-11 10:38:53.977613', '2021-12-11 10:38:53.977613'),
 (211, '7e92bb6d-8295-4e95-b62f-63d123a87b3e', 'en', 'Discounts taken', '2021-12-11 10:38:53.989298', '2021-12-11 10:38:53.989298'),
 (212, '2416d1f4-0f2b-4e77-8ae7-7b1c827e48f7', 'en', 'Carriage', '2021-12-11 10:38:54.000959', '2021-12-11 10:38:54.000959'),
 (213, '2eab2af5-44da-42e9-b621-559f7ef45809', 'en', 'Import duty', '2021-12-11 10:38:54.012649', '2021-12-11 10:38:54.012649'),
 (214, 'a1cd9de2-ec61-4266-a809-506986c36c58', 'en', 'Transport insurance', '2021-12-11 10:38:54.025312', '2021-12-11 10:38:54.025312'),
 (215, '42dfda44-20ca-48a3-a173-a31bad989e77', 'en', 'Opening inventory', '2021-12-11 10:38:54.037214', '2021-12-11 10:38:54.037214'),
 (216, 'c733d260-b073-49e3-a030-8f0b31785862', 'en', 'Closing inventory', '2021-12-11 10:38:54.048687', '2021-12-11 10:38:54.048687'),
 (217, 'ad3df562-f848-409a-86d6-f7abccc8d2f9', 'en', 'Productive Labour', '2021-12-11 10:38:54.060259', '2021-12-11 10:38:54.060259'),
 (218, '62f69f63-da07-44c6-8133-bdba1a99d97f', 'en', 'Expenses', '2021-12-11 10:38:54.072113', '2021-12-11 10:38:54.072113'),
 (219, '0b6f71d9-3c70-49a2-9b80-ef15a80ef2c3', 'en', 'Research and development', '2021-12-11 10:38:54.084095', '2021-12-11 10:38:54.084095'),
 (220, 'fd025a00-8ba8-47bb-8f40-08d7e9c1c2c5', 'en', 'Sales and marketing', '2021-12-11 10:38:54.096339', '2021-12-11 10:38:54.096339'),
 (221, 'b38294b2-8c8e-4a57-af2f-55f412e800b9', 'en', 'Sales commissions', '2021-12-11 10:38:54.108866', '2021-12-11 10:38:54.108866'),
 (222, 'f2622d90-f587-470e-b98c-34513e84fcce', 'en', 'Sales promotion', '2021-12-11 10:38:54.120655', '2021-12-11 10:38:54.120655'),
 (223, '8a469847-a1b0-4d22-a616-097637f8f4f6', 'en', 'Advertising', '2021-12-11 10:38:54.132454', '2021-12-11 10:38:54.132454'),
 (224, '2f2b2eec-4820-4db1-a8fc-dfebc9e67120', 'en', 'Gifts & samples', '2021-12-11 10:38:54.144402', '2021-12-11 10:38:54.144402'),
 (225, '384085a0-434c-479b-9006-27ea1ffcac4a', 'en', 'Marketing expenses', '2021-12-11 10:38:54.155996', '2021-12-11 10:38:54.155996'),
 (226, 'b1313a47-1817-4feb-8956-a5e05e1a27e4', 'en', 'General and administrative', '2021-12-11 10:38:54.167942', '2021-12-11 10:38:54.167942'),
 (227, '01a25090-5252-4b77-acd4-96ada0f43d9a', 'en', 'Payroll', '2021-12-11 10:38:54.180461', '2021-12-11 10:38:54.180461'),
 (228, '772cd060-2ad3-45dd-9a7d-8115ea2ba42e', 'en', 'Payroll expenses', '2021-12-11 10:38:54.192548', '2021-12-11 10:38:54.192548'),
 (229, '007e499d-fc5d-4f02-a30f-09342cad8b06', 'en', 'Payroll benefits', '2021-12-11 10:38:54.204453', '2021-12-11 10:38:54.204453'),
 (230, '5020e42b-7e7e-4dc9-b965-4f5d1c590223', 'en', 'Payroll taxes', '2021-12-11 10:38:54.216108', '2021-12-11 10:38:54.216108'),
 (231, '223941a3-7062-419b-bfab-b1980699d259', 'en', 'Pensions', '2021-12-11 10:38:54.227965', '2021-12-11 10:38:54.227965'),
 (232, 'a3b24966-1ed2-4bb6-bfcd-f497f2ece126', 'en', 'Recruitment expenses', '2021-12-11 10:38:54.239657', '2021-12-11 10:38:54.239657'),
 (233, '196bfe44-d5c6-4473-aed8-1cc7d787c6cd', 'en', 'Rent', '2021-12-11 10:38:54.251992', '2021-12-11 10:38:54.251992'),
 (234, 'a5f4c118-862e-4939-ab95-4645f9f806c6', 'en', 'Water', '2021-12-11 10:38:54.263734', '2021-12-11 10:38:54.263734'),
 (235, '18736fd8-3f5f-49a0-8a48-03708a4b01e7', 'en', 'Property taxes', '2021-12-11 10:38:54.275653', '2021-12-11 10:38:54.275653'),
 (236, '019760bb-a65c-4749-b25e-47d01fd56017', 'en', 'Premises insurance', '2021-12-11 10:38:54.287330', '2021-12-11 10:38:54.287330'),
 (237, '39765f54-fcd1-4943-b6e3-32545cc42883', 'en', 'Electricity', '2021-12-11 10:38:54.299220', '2021-12-11 10:38:54.299220'),
 (238, 'd8dfac70-ba9e-4565-8585-4aee07a979b3', 'en', 'Gas', '2021-12-11 10:38:54.311755', '2021-12-11 10:38:54.311755'),
 (239, '87faf93d-59b2-4fba-94b4-4f3d870b5333', 'en', 'Oil', '2021-12-11 10:38:54.324248', '2021-12-11 10:38:54.324248'),
 (240, '09ff16d9-4141-4dcd-8b8b-b23d6fb405ad', 'en', 'Other heating costs', '2021-12-11 10:38:54.336208', '2021-12-11 10:38:54.336208'),
 (241, '34457701-68f1-40ec-9dd5-494f5463a17c', 'en', 'Motor fuel', '2021-12-11 10:38:54.349346', '2021-12-11 10:38:54.349346'),
 (242, '0ae4b7cd-3e15-4fba-ab88-583547d6eefe', 'en', 'Motor repairs', '2021-12-11 10:38:54.362157', '2021-12-11 10:38:54.362157'),
 (243, '438c402b-124f-4870-a207-1fe2596bd7fe', 'en', 'Licenses', '2021-12-11 10:38:54.373792', '2021-12-11 10:38:54.373792'),
 (244, 'b1ec0532-7834-4ac6-8b83-6fb378a9f4e2', 'en', 'Vehicle insurance', '2021-12-11 10:38:54.385821', '2021-12-11 10:38:54.385821'),
 (245, '8ec06635-7390-4278-b4cd-ae7681015516', 'en', 'Miscellaneous motor', '2021-12-11 10:38:54.398361', '2021-12-11 10:38:54.398361'),
 (246, '74881650-2769-491b-b2d3-2d9d9de4b392', 'en', 'Travel', '2021-12-11 10:38:54.410335', '2021-12-11 10:38:54.410335'),
 (247, 'd5bb01b8-9faf-4dbc-a36e-9aedfcd0dc74', 'en', 'Car Rental', '2021-12-11 10:38:54.422144', '2021-12-11 10:38:54.422144'),
 (248, 'f5878075-fed5-4101-9620-b16ef9b7b1a4', 'en', 'Hotels', '2021-12-11 10:38:54.434062', '2021-12-11 10:38:54.434062'),
 (249, '136ee121-7a9c-427c-8326-f4ed086c6e96', 'en', 'Entertainment', '2021-12-11 10:38:54.445915', '2021-12-11 10:38:54.445915'),
 (250, '61162dfc-7729-439a-8608-61ccb141041a', 'en', 'Meals', '2021-12-11 10:38:54.457751', '2021-12-11 10:38:54.457751'),
 (251, '88065d05-dd35-449c-90c5-ef97911a5190', 'en', 'Printing', '2021-12-11 10:38:54.469602', '2021-12-11 10:38:54.469602'),
 (252, '608b9462-bda1-4fb2-9d37-8751ab990e38', 'en', 'Postage & carriage', '2021-12-11 10:38:54.481627', '2021-12-11 10:38:54.481627'),
 (253, 'db12d8ad-2bf2-4501-8dac-87f600418111', 'en', 'Telephone', '2021-12-11 10:38:54.493699', '2021-12-11 10:38:54.493699'),
 (254, 'd905947c-3d56-413d-8ce8-4a8ea779aeba', 'en', 'Office stationery', '2021-12-11 10:38:54.505506', '2021-12-11 10:38:54.505506'),
 (255, 'f38a2c20-e83d-45d1-8fb2-a8a765f5bd6c', 'en', 'Books', '2021-12-11 10:38:54.517006', '2021-12-11 10:38:54.517006'),
 (256, '98accb40-2095-484d-b9d9-1d9ef044144d', 'en', 'Legal fees', '2021-12-11 10:38:54.529617', '2021-12-11 10:38:54.529617'),
 (257, '73b086ca-c82b-4d5e-b20c-25475a77d652', 'en', 'Audit & accountancy fees', '2021-12-11 10:38:54.542247', '2021-12-11 10:38:54.542247'),
 (258, '1df7c60e-be1d-49f2-9b7f-1538d0899bc4', 'en', 'Consultancy fees', '2021-12-11 10:38:54.555119', '2021-12-11 10:38:54.555119'),
 (259, 'f0f31403-4e4b-48ac-b768-32aef7a88a42', 'en', 'Professional fees', '2021-12-11 10:38:54.566737', '2021-12-11 10:38:54.566737'),
 (260, 'f4f898fc-a9e0-438c-afab-ef948f58ec28', 'en', 'Equipment hire', '2021-12-11 10:38:54.578562', '2021-12-11 10:38:54.578562'),
 (261, 'af2c583a-fb97-4712-8c1f-8377b80270c2', 'en', 'Equipment maintenance', '2021-12-11 10:38:54.590906', '2021-12-11 10:38:54.590906'),
 (262, 'e1641813-8a18-463e-b389-6823cae5d590', 'en', 'Repairs & renewals', '2021-12-11 10:38:54.602735', '2021-12-11 10:38:54.602735'),
 (263, 'a4df5e1b-0310-42c1-9602-75f06ea6a92a', 'en', 'Cleaning', '2021-12-11 10:38:54.614324', '2021-12-11 10:38:54.614324'),
 (264, '08bdb94e-8963-48ef-93b9-d4304cd9f180', 'en', 'Laundry', '2021-12-11 10:38:54.626288', '2021-12-11 10:38:54.626288'),
 (265, 'd47d1904-2828-45f9-a050-40cd2a9bfbe6', 'en', 'Premises expenses', '2021-12-11 10:38:54.638389', '2021-12-11 10:38:54.638389'),
 (266, '66b8ecb2-d399-4018-8e87-b1f5f9840aa7', 'en', 'Bad debt expense', '2021-12-11 10:38:54.650266', '2021-12-11 10:38:54.650266'),
 (267, '843e99b2-29a7-47a5-a20f-879a428b42d6', 'en', 'Donations', '2021-12-11 10:38:54.661896', '2021-12-11 10:38:54.661896'),
 (268, 'bfd92009-a5e5-499e-8b33-f774f5b2bcc9', 'en', 'Subscriptions', '2021-12-11 10:38:54.673641', '2021-12-11 10:38:54.673641'),
 (269, '7200698c-4acf-41d9-b614-9ba026783b53', 'en', 'Clothing costs', '2021-12-11 10:38:54.685649', '2021-12-11 10:38:54.685649'),
 (270, '8b9bafbf-549d-4f2f-a0fd-c95970033c77', 'en', 'Training costs', '2021-12-11 10:38:54.697914', '2021-12-11 10:38:54.697914'),
 (271, '23e61184-2b83-45af-ad03-1dbb21b571bd', 'en', 'Insurance', '2021-12-11 10:38:54.709579', '2021-12-11 10:38:54.709579'),
 (272, '7fb4b578-369a-457a-8ea9-ff738ef76e6c', 'en', 'Refreshments', '2021-12-11 10:38:54.722105', '2021-12-11 10:38:54.722105'),
 (273, '492a8e4d-b8b1-4b35-943e-2bb9ba7fa055', 'en', 'Suspense account', '2021-12-11 10:38:54.734329', '2021-12-11 10:38:54.734329'),
 (274, '0c4e1088-4616-472a-b6d9-4e81e94c6717', 'en', 'Clearing account', '2021-12-11 10:38:54.746712', '2021-12-11 10:38:54.746712'),
 (275, '53d772ec-ca64-4b2e-8c5f-5e41ef9c2193', 'en', 'Depreciation', '2021-12-11 10:38:54.758541', '2021-12-11 10:38:54.758541'),
 (276, '4f4e5d33-b0e2-4abc-a76b-321af168d208', 'en', 'Property depreciation', '2021-12-11 10:38:54.770587', '2021-12-11 10:38:54.770587'),
 (277, '0a7a8c19-4be8-4fd6-8938-0ebdf437436f', 'en', 'Plant depreciation', '2021-12-11 10:38:54.782447', '2021-12-11 10:38:54.782447'),
 (278, '4092e8f4-374b-476c-aaa3-ca71ad359390', 'en', 'Equipment depreciation', '2021-12-11 10:38:54.794143', '2021-12-11 10:38:54.794143'),
 (279, '80f6e7c7-3116-4cf1-b805-9178919c231e', 'en', 'Intellectual property amortization', '2021-12-11 10:38:54.805911', '2021-12-11 10:38:54.805911'),
 (280, '70a62e6e-9563-4b8b-9942-847c91573a84', 'en', 'Finance Costs', '2021-12-11 10:38:54.817747', '2021-12-11 10:38:54.817747'),
 (281, '0297eafb-e06b-4fce-a366-e886c4433708', 'en', 'Interest expense', '2021-12-11 10:38:54.831694', '2021-12-11 10:38:54.831694'),
 (282, 'd76a195c-3681-45e0-8b62-cc74874ff4b4', 'en', 'Bank fees', '2021-12-11 10:38:54.843935', '2021-12-11 10:38:54.843935'),
 (283, 'fd053b2e-c15d-4ca3-886e-27dbb0d8547e', 'en', 'Currency charges', '2021-12-11 10:38:54.855760', '2021-12-11 10:38:54.855760'),
 (284, '7477f8a1-097c-4906-8144-8b7a407f798a', 'en', 'Income Taxes', '2021-12-11 10:38:54.869199', '2021-12-11 10:38:54.869199'),
 (285, 'e10fff47-aa03-4ad8-bbeb-23916272bf3e', 'en', 'Federal Income Tax', '2021-12-11 10:38:54.881041', '2021-12-11 10:38:54.881041'),
 (286, 'a9067293-e109-4f8c-bd65-3e0404ab2c2c', 'en', 'Administrative Subdomain Income Tax', '2021-12-11 10:38:54.892923', '2021-12-11 10:38:54.892923');
