INSERT INTO `journal_details` (`journalDetailId`, `journalEntryId`, `ledgerUuid`, `amount`, `journalReferenceUuid`) VALUES
(1, 1, '9bd379fe-ac38-4894-80c7-6343b586d9a6', '-668.17', NULL)
,(2, 1, 'b8032167-325b-4c82-8135-f648f6314690', '668.17', NULL)
,(3, 2, 'ed962b29-c652-4dc5-b7c0-820495385409', '-696.47', NULL)
,(4, 2, '4443c352-d8c9-4f70-865e-0f3e6673b038', '696.47', NULL)
,(5, 3, 'ea82a099-34bf-45a5-bc6c-d7e12ec0c3e0', '426.54', NULL)
,(6, 3, 'd07915ce-39f2-48aa-97b0-a5be5ef886a2', '-426.54', NULL)
,(7, 4, '3d34952f-1aa1-40fb-94fc-e66685731208', '892.46', NULL)
,(8, 4, '64c8d9af-36be-4705-9120-eac8ad4a1d25', '-892.46', NULL)
,(9, 5, '8e36cada-5846-4eec-b040-ff544339a1a8', '321.95', NULL)
,(10, 5, 'd55a3564-1e47-448b-9aa5-ba32e37b75df', '-321.95', NULL)
,(11, 6, 'e01712af-7488-4437-98b0-d09ea1d8e2af', '-996.53', NULL)
,(12, 6, '44e34238-4906-469b-bab6-cb1edf9e1f31', '996.53', NULL)
,(13, 7, '02c41480-fc30-46f2-b1f7-cea628b10a7c', '-340.47', NULL)
,(14, 7, '7b4e79e4-a4f8-44cd-a43e-fbc456407194', '340.47', NULL)
,(15, 8, 'ca6b61b8-266a-46c2-b312-a5f4dc9efbe5', '-566.26', NULL)
,(16, 8, 'c7c1eb0a-d7a7-4be0-b778-dbac358514df', '566.26', NULL)
,(17, 9, '7fc143f7-f855-4d01-8cc7-6b0686da737f', '-991.82', NULL)
,(18, 9, '624181cd-d2ff-4e64-8b0f-b0379bc8aaa1', '991.82', NULL)
,(19, 10, 'ba625758-a326-45ab-a11b-c5b96a47ccf7', '-696.24', NULL)
,(20, 10, '46552416-6d80-4d20-97fe-5d9579447ce6', '696.24', NULL)
,(21, 11, '3fe854c2-bc36-4f20-9c95-d41406fd9787', '279.32', NULL)
,(22, 11, '8c25feff-244a-4d71-9da7-04c932050f20', '-279.32', NULL)
,(23, 12, 'ed80735b-2925-4db2-bbda-9110c7098a39', '-795.33', NULL)
,(24, 12, '77660ca9-a55a-430a-b649-fc4a7c7ad733', '795.33', NULL)
,(25, 13, '71e818a7-b38a-464a-9cba-8fc92e2445f1', '-407.70', NULL)
,(26, 13, '86c6642c-82c0-41e3-b654-e2e14e894c10', '407.70', NULL)
,(27, 14, '93c57e08-badd-4e93-9f2d-165f32c762db', '-831.89', NULL)
,(28, 14, 'e1061a2e-581d-4c1a-8862-f979b20d757a', '831.89', NULL)
,(29, 15, '7dced02b-e114-497e-8ca7-fe1f7ea83d9c', '977.03', NULL)
,(30, 15, 'd7362379-512a-4eab-8696-5373fbecb1f6', '-977.03', NULL)
,(31, 16, '67306867-6273-40b4-b85b-ea3bf4eb4ca0', '-54.24', NULL)
,(32, 16, '1f88c444-c8b7-4419-b46f-e026e37210ef', '54.24', NULL)
,(33, 17, 'cc59f696-5f57-463e-9a00-dc85740f77fd', '875.54', NULL)
,(34, 17, '8bad9c04-b816-4638-a23d-b70f0fe54582', '-875.54', NULL)
,(35, 18, 'aa55814e-1083-4dae-8660-6573d213dde1', '492.91', NULL)
,(36, 18, '92071017-41c5-4983-84de-5b6abd40c692', '-492.91', NULL)
,(37, 19, '6ecb2042-c47d-4bd1-a09d-361e993f337e', '-85.25', NULL)
,(38, 19, 'a7a26448-171a-4fa7-b330-f4188744f153', '85.25', NULL)
,(39, 20, 'e4229b27-3321-4193-a8b0-9d450cf7fb2c', '-561.11', NULL)
,(40, 20, '8cd538d4-1110-48e5-921d-d3c72a5c96fd', '561.11', NULL)
,(41, 21, '5459700f-4aa5-4961-ade7-49b7a1868c55', '-543.35', NULL)
,(42, 21, '729134b6-0868-49c9-a7c1-e04a5abd1b62', '543.35', NULL)
,(43, 22, '94930592-425c-48f6-8a4c-69fd0eb40f14', '362.37', NULL)
,(44, 22, '64fbbeee-9395-463f-b8e5-0dcf039eefb3', '-362.37', NULL)
,(45, 23, 'e17c84dc-4ace-4a94-9572-c304034052c1', '-648.56', NULL)
,(46, 23, 'b083574e-b97e-44c2-9d6e-4b0703987d3f', '648.56', NULL)
,(47, 24, '9ea8c206-5824-4eb4-8297-4d3ff583702f', '-541.47', NULL)
,(48, 24, '81d4373b-52ea-4014-b85d-f9086baa6c32', '541.47', NULL)
,(49, 25, 'f0b5d2af-5176-4053-9c2b-fabda6e7ce18', '403.39', NULL)
,(50, 25, '3685432b-1124-4cf0-b45b-7a477e64e42b', '-403.39', NULL)
,(51, 26, '3acc2d70-0f12-4474-b8ee-2c021579a892', '15.03', NULL)
,(52, 26, '94ee9597-8acb-4cb6-bdc0-e72c8f035a48', '-15.03', NULL)
,(53, 27, '4b4e85af-0754-465b-8779-88343a0e68d7', '640.35', NULL)
,(54, 27, '4bc5b915-52dd-4837-b076-f540e74b0eea', '-640.35', NULL)
,(55, 28, 'f910b0d6-6c43-40f4-88fe-179e351b174a', '710.29', NULL)
,(56, 28, '5bfcbaca-45a0-4bac-a842-f80a5def72b9', '-710.29', NULL)
,(57, 29, 'f3c95457-bfa1-44be-b6ff-82ccee4f0aec', '-636.86', NULL)
,(58, 29, '279e7bf3-8652-4d12-b573-9bd33ddc023a', '636.86', NULL)
,(59, 30, '35bc26bb-1221-4f68-a1ef-749fffa9321b', '58.67', NULL)
,(60, 30, '34c1602c-823c-4a0b-9eb1-7fb0225a6d2b', '-58.67', NULL)
,(61, 31, '2de16912-8f4b-458e-afdd-034483a39507', '304.26', NULL)
,(62, 31, 'c9294bd1-4059-4c61-8b07-ff0beb1817d7', '-304.26', NULL)
,(63, 32, '279d7a02-d98f-495a-aff9-cf2490d36027', '-882.59', NULL)
,(64, 32, '9f24f045-da99-411b-b991-a8b8e9c1bad6', '882.59', NULL)
,(65, 33, '914dbde9-0e93-4d7b-b54c-e7367c1456bd', '-880.57', NULL)
,(66, 33, 'fe6e6904-e811-4d6f-a5e2-51b5c36054ba', '880.57', NULL)
,(67, 34, 'dee567a9-4666-4add-88db-8b1c4900842f', '519.70', NULL)
,(68, 34, 'ca469ed4-2cfa-4a67-a4f2-924c859751fe', '-519.70', NULL)
,(69, 35, '0f57b4fa-42a5-4636-88b5-3eb110764223', '700.86', NULL)
,(70, 35, 'd30c8306-2330-4319-9f15-34520162f510', '-700.86', NULL)
,(71, 36, '69aa0b2f-c586-4a97-8dba-c9b30821b50b', '705.77', NULL)
,(72, 36, 'bafe2045-34ce-4b12-80b0-c4597359363e', '-705.77', NULL)
,(73, 37, '36dcb5a4-3476-4c3b-8e79-7531a22af18c', '-900.58', NULL)
,(74, 37, '4b50ec98-afef-4d79-8451-67b21772009b', '900.58', NULL)
,(75, 38, '12ba783a-39e6-405e-a174-8d56ccb6a6df', '496.36', NULL)
,(76, 38, '91d7941d-423b-4d34-bd40-eea6e0dc6557', '-496.36', NULL)
,(77, 39, '9dd23bd0-62eb-4d06-95e8-4f465b74deff', '87.14', NULL)
,(78, 39, 'ef44f017-5e51-4ac2-8f41-84de1ee133ec', '-87.14', NULL)
,(79, 40, '7f6579ee-1dc8-45b7-a0ac-4e83c69292ab', '-157.93', NULL)
,(80, 40, '7b3403c0-b2a8-491d-b05c-cdb526a298ef', '157.93', NULL)
,(81, 41, 'f8fff228-51f4-490f-acbf-8dd6df3e6b3b', '322.57', NULL)
,(82, 41, 'd69a9486-d5dd-4073-9c19-0103a6348702', '-322.57', NULL)
,(83, 42, '9ae74eb4-f34d-4cff-ab14-f7b44439b4ec', '859.70', NULL)
,(84, 42, '480e9f2e-34ff-4c2c-ae05-83031b24f29a', '-859.70', NULL)
,(85, 43, 'c481a3f4-1c67-4226-a790-a1217eb37681', '-270.44', NULL)
,(86, 43, '9e8e5933-d073-4c3b-9b10-e4c37a492b50', '270.44', NULL)
,(87, 44, '3dfdfa05-13e4-4927-8b82-e71c8b0cdf18', '128.18', NULL)
,(88, 44, 'bb53f4e6-6571-4e89-bb35-02f4be5aa7fa', '-128.18', NULL)
,(89, 45, '83654445-35a2-4d5b-afec-5446f56bd0b2', '-322.59', NULL)
,(90, 45, 'a8f39b26-ff1c-4bfe-a054-7f67d06a7bc3', '322.59', NULL)
,(91, 46, '5eb6b54f-6b48-43cd-8f2f-09f4494708c0', '272.96', NULL)
,(92, 46, 'e7a1b25e-2455-4dfc-b61c-52389cbe8761', '-272.96', NULL)
,(93, 47, '3f006a53-d104-49b0-a04e-835087a69f17', '-550.84', NULL)
,(94, 47, '63b39959-2c8a-421d-ae54-978e12ef6486', '550.84', NULL)
,(95, 48, '87eff36b-84bb-4dfc-8736-50c9793174b5', '224.89', NULL)
,(96, 48, 'ccaaab85-02ce-49fc-855c-53b0a4ac2eae', '-224.89', NULL)
,(97, 49, 'a50c7ec6-08f1-4736-bdb5-66150335c8d0', '-215.06', NULL)
,(98, 49, 'adc77ef5-da8c-4c9c-bd74-523506bc21cc', '215.06', NULL)
,(99, 50, 'e63f1b04-18da-40f3-b1c2-2b44176fa3e4', '560.32', NULL)
,(100, 50, 'a3fad642-1d77-4661-8032-161df8348045', '-560.32', NULL)
,(101, 51, 'ca4a0609-8266-4d8b-a9a5-2559cd80c74a', '91.32', NULL)
,(102, 51, '9d965644-f0e6-4e33-9770-8cc52b5bee96', '-91.32', NULL)
,(103, 52, 'ed0c24d2-bf89-4107-a438-7080d8d93d3f', '-950.49', NULL)
,(104, 52, '3f5f0123-ec00-4cd7-87fd-406bf335d4c6', '950.49', NULL)
,(105, 53, '558b4568-c72e-4111-8ef1-8cdef52fb448', '669.48', NULL)
,(106, 53, 'd19b3ea1-82d9-4b99-a7df-757d05fb5fdb', '-669.48', NULL)
,(107, 54, '2c2b153b-cbbc-44f5-926a-a1ff85df15a9', '258.15', NULL)
,(108, 54, '0e54b672-372e-45bb-bcc1-5d3be472daa1', '-258.15', NULL)
,(109, 55, '7d2cfe98-0c10-410c-841e-1bd132b678c0', '-947.54', NULL)
,(110, 55, '5275c1a3-e424-414b-9a81-1d6bf8a528bd', '947.54', NULL)
,(111, 56, 'ff349a73-ea06-4d46-8f8d-1593ddab22d7', '357.72', NULL)
,(112, 56, '854aa856-bb41-46bf-a17e-829766619966', '-357.72', NULL)
,(113, 57, '3f5f0123-ec00-4cd7-87fd-406bf335d4c6', '-832.93', NULL)
,(114, 57, 'ccaaab85-02ce-49fc-855c-53b0a4ac2eae', '832.93', NULL)
,(115, 58, 'adc77ef5-da8c-4c9c-bd74-523506bc21cc', '800.82', NULL)
,(116, 58, 'bb53f4e6-6571-4e89-bb35-02f4be5aa7fa', '-800.82', NULL)
,(117, 59, '8e36cada-5846-4eec-b040-ff544339a1a8', '77.44', NULL)
,(118, 59, '86c6642c-82c0-41e3-b654-e2e14e894c10', '-77.44', NULL)
,(119, 60, 'e01712af-7488-4437-98b0-d09ea1d8e2af', '-211.99', NULL)
,(120, 60, '5bfcbaca-45a0-4bac-a842-f80a5def72b9', '211.99', NULL)
,(121, 61, '91d7941d-423b-4d34-bd40-eea6e0dc6557', '-727.47', NULL)
,(122, 61, '36dcb5a4-3476-4c3b-8e79-7531a22af18c', '727.47', NULL)
,(123, 62, '9d965644-f0e6-4e33-9770-8cc52b5bee96', '307.08', NULL)
,(124, 62, 'c481a3f4-1c67-4226-a790-a1217eb37681', '-307.08', NULL)
,(125, 63, '44e34238-4906-469b-bab6-cb1edf9e1f31', '26.00', NULL)
,(126, 63, '71e818a7-b38a-464a-9cba-8fc92e2445f1', '-26.00', NULL)
,(127, 64, 'd69a9486-d5dd-4073-9c19-0103a6348702', '715.25', NULL)
,(128, 64, '7f6579ee-1dc8-45b7-a0ac-4e83c69292ab', '-715.25', NULL)
,(129, 65, '5275c1a3-e424-414b-9a81-1d6bf8a528bd', '184.31', NULL)
,(130, 65, '63b39959-2c8a-421d-ae54-978e12ef6486', '-184.31', NULL)
,(131, 66, '8cd538d4-1110-48e5-921d-d3c72a5c96fd', '-343.45', NULL)
,(132, 66, 'c9294bd1-4059-4c61-8b07-ff0beb1817d7', '343.45', NULL)
,(133, 67, 'f3c95457-bfa1-44be-b6ff-82ccee4f0aec', '-234.88', NULL)
,(134, 67, 'f8fff228-51f4-490f-acbf-8dd6df3e6b3b', '234.88', NULL)
,(135, 68, '9dd23bd0-62eb-4d06-95e8-4f465b74deff', '726.74', NULL)
,(136, 68, '7dced02b-e114-497e-8ca7-fe1f7ea83d9c', '-726.74', NULL)
,(137, 69, '558b4568-c72e-4111-8ef1-8cdef52fb448', '968.07', NULL)
,(138, 69, '279d7a02-d98f-495a-aff9-cf2490d36027', '-968.07', NULL)
,(139, 70, '93c57e08-badd-4e93-9f2d-165f32c762db', '120.14', NULL)
,(140, 70, '81d4373b-52ea-4014-b85d-f9086baa6c32', '-120.14', NULL)
,(141, 71, '94ee9597-8acb-4cb6-bdc0-e72c8f035a48', '198.94', NULL)
,(142, 71, '729134b6-0868-49c9-a7c1-e04a5abd1b62', '-198.94', NULL)
,(143, 72, 'f0b5d2af-5176-4053-9c2b-fabda6e7ce18', '895.85', NULL)
,(144, 72, '9f24f045-da99-411b-b991-a8b8e9c1bad6', '-895.85', NULL)
,(145, 73, 'e4229b27-3321-4193-a8b0-9d450cf7fb2c', '-239.30', NULL)
,(146, 73, 'fe6e6904-e811-4d6f-a5e2-51b5c36054ba', '239.30', NULL)
,(147, 74, '2de16912-8f4b-458e-afdd-034483a39507', '597.40', NULL)
,(148, 74, 'e7a1b25e-2455-4dfc-b61c-52389cbe8761', '-597.40', NULL)
,(149, 75, '9bd379fe-ac38-4894-80c7-6343b586d9a6', '-911.72', NULL)
,(150, 75, 'c7c1eb0a-d7a7-4be0-b778-dbac358514df', '911.72', NULL)
,(151, 76, '4b4e85af-0754-465b-8779-88343a0e68d7', '-596.34', NULL)
,(152, 76, 'b8032167-325b-4c82-8135-f648f6314690', '596.34', NULL)
,(153, 77, '87eff36b-84bb-4dfc-8736-50c9793174b5', '126.68', NULL)
,(154, 77, 'ed80735b-2925-4db2-bbda-9110c7098a39', '-126.68', NULL)
,(155, 78, 'ca6b61b8-266a-46c2-b312-a5f4dc9efbe5', '763.86', NULL)
,(156, 78, '9e8e5933-d073-4c3b-9b10-e4c37a492b50', '-763.86', NULL)
,(157, 79, 'ea82a099-34bf-45a5-bc6c-d7e12ec0c3e0', '-897.60', NULL)
,(158, 79, '3fe854c2-bc36-4f20-9c95-d41406fd9787', '897.60', NULL)
,(159, 80, 'dee567a9-4666-4add-88db-8b1c4900842f', '456.92', NULL)
,(160, 80, 'd55a3564-1e47-448b-9aa5-ba32e37b75df', '-456.92', NULL)
,(161, 81, '34c1602c-823c-4a0b-9eb1-7fb0225a6d2b', '-553.55', NULL)
,(162, 81, 'e1061a2e-581d-4c1a-8862-f979b20d757a', '553.55', NULL)
,(163, 82, '69aa0b2f-c586-4a97-8dba-c9b30821b50b', '567.34', NULL)
,(164, 82, 'd7362379-512a-4eab-8696-5373fbecb1f6', '-567.34', NULL)
,(165, 83, 'ed0c24d2-bf89-4107-a438-7080d8d93d3f', '786.42', NULL)
,(166, 83, 'b083574e-b97e-44c2-9d6e-4b0703987d3f', '-786.42', NULL)
,(167, 84, 'f910b0d6-6c43-40f4-88fe-179e351b174a', '-29.76', NULL)
,(168, 84, '5eb6b54f-6b48-43cd-8f2f-09f4494708c0', '29.76', NULL)
,(169, 85, '9ea8c206-5824-4eb4-8297-4d3ff583702f', '-552.90', NULL)
,(170, 85, '0f57b4fa-42a5-4636-88b5-3eb110764223', '552.90', NULL)
,(171, 86, '4b50ec98-afef-4d79-8451-67b21772009b', '540.06', NULL)
,(172, 86, '5459700f-4aa5-4961-ade7-49b7a1868c55', '-540.06', NULL)
,(173, 87, 'cc59f696-5f57-463e-9a00-dc85740f77fd', '-133.92', NULL)
,(174, 87, 'ca469ed4-2cfa-4a67-a4f2-924c859751fe', '133.92', NULL)
,(175, 88, '64c8d9af-36be-4705-9120-eac8ad4a1d25', '-479.81', NULL)
,(176, 88, '77660ca9-a55a-430a-b649-fc4a7c7ad733', '479.81', NULL)
,(177, 89, '83654445-35a2-4d5b-afec-5446f56bd0b2', '209.96', NULL)
,(178, 89, '6ecb2042-c47d-4bd1-a09d-361e993f337e', '-209.96', NULL)
,(179, 90, 'bafe2045-34ce-4b12-80b0-c4597359363e', '-242.25', NULL)
,(180, 90, '279e7bf3-8652-4d12-b573-9bd33ddc023a', '242.25', NULL)
,(181, 91, '7b4e79e4-a4f8-44cd-a43e-fbc456407194', '845.34', NULL)
,(182, 91, 'ca4a0609-8266-4d8b-a9a5-2559cd80c74a', '-845.34', NULL)
,(183, 92, 'aa55814e-1083-4dae-8660-6573d213dde1', '106.13', NULL)
,(184, 92, '8bad9c04-b816-4638-a23d-b70f0fe54582', '-106.13', NULL)
,(185, 93, 'ed962b29-c652-4dc5-b7c0-820495385409', '-430.58', NULL)
,(186, 93, '624181cd-d2ff-4e64-8b0f-b0379bc8aaa1', '430.58', NULL)
,(187, 94, 'ba625758-a326-45ab-a11b-c5b96a47ccf7', '-188.60', NULL)
,(188, 94, 'a3fad642-1d77-4661-8032-161df8348045', '188.60', NULL)
,(189, 95, '3dfdfa05-13e4-4927-8b82-e71c8b0cdf18', '-800.64', NULL)
,(190, 95, '3acc2d70-0f12-4474-b8ee-2c021579a892', '800.64', NULL)
,(191, 96, '35bc26bb-1221-4f68-a1ef-749fffa9321b', '98.91', NULL)
,(192, 96, 'a8f39b26-ff1c-4bfe-a054-7f67d06a7bc3', '-98.91', NULL)
,(193, 97, '480e9f2e-34ff-4c2c-ae05-83031b24f29a', '55.88', NULL)
,(194, 97, '4bc5b915-52dd-4837-b076-f540e74b0eea', '-55.88', NULL)
,(195, 98, 'a7a26448-171a-4fa7-b330-f4188744f153', '-136.53', NULL)
,(196, 98, '67306867-6273-40b4-b85b-ea3bf4eb4ca0', '136.53', NULL)
,(197, 99, '12ba783a-39e6-405e-a174-8d56ccb6a6df', '-263.31', NULL)
,(198, 99, '9ae74eb4-f34d-4cff-ab14-f7b44439b4ec', '263.31', NULL)
,(199, 100, '7b3403c0-b2a8-491d-b05c-cdb526a298ef', '647.10', NULL)
,(200, 100, 'ef44f017-5e51-4ac2-8f41-84de1ee133ec', '-647.10', NULL)
,(201, 101, '94930592-425c-48f6-8a4c-69fd0eb40f14', '466.24', NULL)
,(202, 101, '46552416-6d80-4d20-97fe-5d9579447ce6', '-466.24', NULL)
,(203, 102, 'e17c84dc-4ace-4a94-9572-c304034052c1', '-604.96', NULL)
,(204, 102, 'e63f1b04-18da-40f3-b1c2-2b44176fa3e4', '604.96', NULL)
,(205, 103, 'ff349a73-ea06-4d46-8f8d-1593ddab22d7', '-131.43', NULL)
,(206, 103, '2c2b153b-cbbc-44f5-926a-a1ff85df15a9', '131.43', NULL)
,(207, 104, '4443c352-d8c9-4f70-865e-0f3e6673b038', '690.10', NULL)
,(208, 104, '64fbbeee-9395-463f-b8e5-0dcf039eefb3', '-690.10', NULL)
,(209, 105, '7d2cfe98-0c10-410c-841e-1bd132b678c0', '-389.87', NULL)
,(210, 105, '7fc143f7-f855-4d01-8cc7-6b0686da737f', '389.87', NULL)
,(211, 106, '914dbde9-0e93-4d7b-b54c-e7367c1456bd', '-909.24', NULL)
,(212, 106, '3d34952f-1aa1-40fb-94fc-e66685731208', '909.24', NULL)
,(213, 107, 'd30c8306-2330-4319-9f15-34520162f510', '679.56', NULL)
,(214, 107, 'd07915ce-39f2-48aa-97b0-a5be5ef886a2', '-679.56', NULL)
;
-- Table
INSERT INTO `journal_entries` (`journalEntryId`, `transDate`, `domainUuid`, `subJournalUuid`, `currency`, `opening`, `reviewed`, `description`, `arguments`, `language`, `extra`, `journalReferenceUuid`, `createdBy`, `updatedBy`, `revision`, `created_at`, `updated_at`) VALUES
(1, '2001-03-03 00:00:00', 'dc93f99f-49b4-4e6b-87d2-1e3c3941d6ff', NULL, 'CAD', 0, 0, 'Random entry 1', '[]', 'en', NULL, NULL, NULL, NULL, NULL, '2021-12-13 07:15:14', '2021-12-13 07:15:14')
,(2, '2001-03-08 00:00:00', 'dc93f99f-49b4-4e6b-87d2-1e3c3941d6ff', NULL, 'CAD', 0, 0, 'Random entry 2', '[]', 'en', NULL, NULL, NULL, NULL, NULL, '2021-12-13 07:15:14', '2021-12-13 07:15:14')
,(3, '2001-01-03 00:00:00', 'dc93f99f-49b4-4e6b-87d2-1e3c3941d6ff', NULL, 'CAD', 0, 0, 'Random entry 3', '[]', 'en', NULL, NULL, NULL, NULL, NULL, '2021-12-13 07:15:14', '2021-12-13 07:15:14')
,(4, '2001-03-13 00:00:00', 'dc93f99f-49b4-4e6b-87d2-1e3c3941d6ff', NULL, 'CAD', 0, 0, 'Random entry 4', '[]', 'en', NULL, NULL, NULL, NULL, NULL, '2021-12-13 07:15:15', '2021-12-13 07:15:15')
,(5, '2001-01-05 00:00:00', 'dc93f99f-49b4-4e6b-87d2-1e3c3941d6ff', NULL, 'CAD', 0, 0, 'Random entry 5', '[]', 'en', NULL, NULL, NULL, NULL, NULL, '2021-12-13 07:15:15', '2021-12-13 07:15:15')
,(6, '2001-03-21 00:00:00', 'dc93f99f-49b4-4e6b-87d2-1e3c3941d6ff', NULL, 'CAD', 0, 0, 'Random entry 6', '[]', 'en', NULL, NULL, NULL, NULL, NULL, '2021-12-13 07:15:15', '2021-12-13 07:15:15')
,(7, '2001-03-13 00:00:00', 'dc93f99f-49b4-4e6b-87d2-1e3c3941d6ff', NULL, 'CAD', 0, 0, 'Random entry 7', '[]', 'en', NULL, NULL, NULL, NULL, NULL, '2021-12-13 07:15:15', '2021-12-13 07:15:15')
,(8, '2001-02-19 00:00:00', 'dc93f99f-49b4-4e6b-87d2-1e3c3941d6ff', NULL, 'CAD', 0, 0, 'Random entry 8', '[]', 'en', NULL, NULL, NULL, NULL, NULL, '2021-12-13 07:15:15', '2021-12-13 07:15:15')
,(9, '2001-02-15 00:00:00', 'dc93f99f-49b4-4e6b-87d2-1e3c3941d6ff', NULL, 'CAD', 0, 0, 'Random entry 9', '[]', 'en', NULL, NULL, NULL, NULL, NULL, '2021-12-13 07:15:15', '2021-12-13 07:15:15')
,(10, '2001-03-13 00:00:00', 'dc93f99f-49b4-4e6b-87d2-1e3c3941d6ff', NULL, 'CAD', 0, 0, 'Random entry 10', '[]', 'en', NULL, NULL, NULL, NULL, NULL, '2021-12-13 07:15:15', '2021-12-13 07:15:15')
,(11, '2001-01-27 00:00:00', 'dc93f99f-49b4-4e6b-87d2-1e3c3941d6ff', NULL, 'CAD', 0, 0, 'Random entry 11', '[]', 'en', NULL, NULL, NULL, NULL, NULL, '2021-12-13 07:15:15', '2021-12-13 07:15:15')
,(12, '2001-02-22 00:00:00', 'dc93f99f-49b4-4e6b-87d2-1e3c3941d6ff', NULL, 'CAD', 0, 0, 'Random entry 12', '[]', 'en', NULL, NULL, NULL, NULL, NULL, '2021-12-13 07:15:15', '2021-12-13 07:15:15')
,(13, '2001-03-15 00:00:00', 'dc93f99f-49b4-4e6b-87d2-1e3c3941d6ff', NULL, 'CAD', 0, 0, 'Random entry 13', '[]', 'en', NULL, NULL, NULL, NULL, NULL, '2021-12-13 07:15:15', '2021-12-13 07:15:15')
,(14, '2001-02-26 00:00:00', 'dc93f99f-49b4-4e6b-87d2-1e3c3941d6ff', NULL, 'CAD', 0, 0, 'Random entry 14', '[]', 'en', NULL, NULL, NULL, NULL, NULL, '2021-12-13 07:15:15', '2021-12-13 07:15:15')
,(15, '2001-01-31 00:00:00', 'dc93f99f-49b4-4e6b-87d2-1e3c3941d6ff', NULL, 'CAD', 0, 0, 'Random entry 15', '[]', 'en', NULL, NULL, NULL, NULL, NULL, '2021-12-13 07:15:15', '2021-12-13 07:15:15')
,(16, '2001-03-06 00:00:00', 'dc93f99f-49b4-4e6b-87d2-1e3c3941d6ff', NULL, 'CAD', 0, 0, 'Random entry 16', '[]', 'en', NULL, NULL, NULL, NULL, NULL, '2021-12-13 07:15:15', '2021-12-13 07:15:15')
,(17, '2001-01-07 00:00:00', 'dc93f99f-49b4-4e6b-87d2-1e3c3941d6ff', NULL, 'CAD', 0, 0, 'Random entry 17', '[]', 'en', NULL, NULL, NULL, NULL, NULL, '2021-12-13 07:15:15', '2021-12-13 07:15:15')
,(18, '2001-01-04 00:00:00', 'dc93f99f-49b4-4e6b-87d2-1e3c3941d6ff', NULL, 'CAD', 0, 0, 'Random entry 18', '[]', 'en', NULL, NULL, NULL, NULL, NULL, '2021-12-13 07:15:15', '2021-12-13 07:15:15')
,(19, '2001-02-09 00:00:00', 'dc93f99f-49b4-4e6b-87d2-1e3c3941d6ff', NULL, 'CAD', 0, 0, 'Random entry 19', '[]', 'en', NULL, NULL, NULL, NULL, NULL, '2021-12-13 07:15:15', '2021-12-13 07:15:15')
,(20, '2001-04-07 00:00:00', 'dc93f99f-49b4-4e6b-87d2-1e3c3941d6ff', NULL, 'CAD', 0, 0, 'Random entry 20', '[]', 'en', NULL, NULL, NULL, NULL, NULL, '2021-12-13 07:15:15', '2021-12-13 07:15:15')
,(21, '2001-04-02 00:00:00', 'dc93f99f-49b4-4e6b-87d2-1e3c3941d6ff', NULL, 'CAD', 0, 0, 'Random entry 21', '[]', 'en', NULL, NULL, NULL, NULL, NULL, '2021-12-13 07:15:15', '2021-12-13 07:15:15')
,(22, '2001-03-20 00:00:00', 'dc93f99f-49b4-4e6b-87d2-1e3c3941d6ff', NULL, 'CAD', 0, 0, 'Random entry 22', '[]', 'en', NULL, NULL, NULL, NULL, NULL, '2021-12-13 07:15:15', '2021-12-13 07:15:15')
,(23, '2001-01-20 00:00:00', 'dc93f99f-49b4-4e6b-87d2-1e3c3941d6ff', NULL, 'CAD', 0, 0, 'Random entry 23', '[]', 'en', NULL, NULL, NULL, NULL, NULL, '2021-12-13 07:15:15', '2021-12-13 07:15:15')
,(24, '2001-02-13 00:00:00', 'dc93f99f-49b4-4e6b-87d2-1e3c3941d6ff', NULL, 'CAD', 0, 0, 'Random entry 24', '[]', 'en', NULL, NULL, NULL, NULL, NULL, '2021-12-13 07:15:15', '2021-12-13 07:15:15')
,(25, '2001-01-19 00:00:00', 'dc93f99f-49b4-4e6b-87d2-1e3c3941d6ff', NULL, 'CAD', 0, 0, 'Random entry 25', '[]', 'en', NULL, NULL, NULL, NULL, NULL, '2021-12-13 07:15:15', '2021-12-13 07:15:15')
,(26, '2001-02-16 00:00:00', 'dc93f99f-49b4-4e6b-87d2-1e3c3941d6ff', NULL, 'CAD', 0, 0, 'Random entry 26', '[]', 'en', NULL, NULL, NULL, NULL, NULL, '2021-12-13 07:15:15', '2021-12-13 07:15:15')
,(27, '2001-03-07 00:00:00', 'dc93f99f-49b4-4e6b-87d2-1e3c3941d6ff', NULL, 'CAD', 0, 0, 'Random entry 27', '[]', 'en', NULL, NULL, NULL, NULL, NULL, '2021-12-13 07:15:15', '2021-12-13 07:15:15')
,(28, '2001-02-03 00:00:00', 'dc93f99f-49b4-4e6b-87d2-1e3c3941d6ff', NULL, 'CAD', 0, 0, 'Random entry 28', '[]', 'en', NULL, NULL, NULL, NULL, NULL, '2021-12-13 07:15:15', '2021-12-13 07:15:15')
,(29, '2001-04-01 00:00:00', 'dc93f99f-49b4-4e6b-87d2-1e3c3941d6ff', NULL, 'CAD', 0, 0, 'Random entry 29', '[]', 'en', NULL, NULL, NULL, NULL, NULL, '2021-12-13 07:15:15', '2021-12-13 07:15:15')
,(30, '2001-01-06 00:00:00', 'dc93f99f-49b4-4e6b-87d2-1e3c3941d6ff', NULL, 'CAD', 0, 0, 'Random entry 30', '[]', 'en', NULL, NULL, NULL, NULL, NULL, '2021-12-13 07:15:15', '2021-12-13 07:15:15')
,(31, '2001-02-23 00:00:00', 'dc93f99f-49b4-4e6b-87d2-1e3c3941d6ff', NULL, 'CAD', 0, 0, 'Random entry 31', '[]', 'en', NULL, NULL, NULL, NULL, NULL, '2021-12-13 07:15:15', '2021-12-13 07:15:15')
,(32, '2001-03-04 00:00:00', 'dc93f99f-49b4-4e6b-87d2-1e3c3941d6ff', NULL, 'CAD', 0, 0, 'Random entry 32', '[]', 'en', NULL, NULL, NULL, NULL, NULL, '2021-12-13 07:15:15', '2021-12-13 07:15:15')
,(33, '2001-03-31 00:00:00', 'dc93f99f-49b4-4e6b-87d2-1e3c3941d6ff', NULL, 'CAD', 0, 0, 'Random entry 33', '[]', 'en', NULL, NULL, NULL, NULL, NULL, '2021-12-13 07:15:15', '2021-12-13 07:15:15')
,(34, '2001-02-14 00:00:00', 'dc93f99f-49b4-4e6b-87d2-1e3c3941d6ff', NULL, 'CAD', 0, 0, 'Random entry 34', '[]', 'en', NULL, NULL, NULL, NULL, NULL, '2021-12-13 07:15:15', '2021-12-13 07:15:15')
,(35, '2001-03-30 00:00:00', 'dc93f99f-49b4-4e6b-87d2-1e3c3941d6ff', NULL, 'CAD', 0, 0, 'Random entry 35', '[]', 'en', NULL, NULL, NULL, NULL, NULL, '2021-12-13 07:15:16', '2021-12-13 07:15:16')
,(36, '2001-01-19 00:00:00', 'dc93f99f-49b4-4e6b-87d2-1e3c3941d6ff', NULL, 'CAD', 0, 0, 'Random entry 36', '[]', 'en', NULL, NULL, NULL, NULL, NULL, '2021-12-13 07:15:16', '2021-12-13 07:15:16')
,(37, '2001-03-25 00:00:00', 'dc93f99f-49b4-4e6b-87d2-1e3c3941d6ff', NULL, 'CAD', 0, 0, 'Random entry 37', '[]', 'en', NULL, NULL, NULL, NULL, NULL, '2021-12-13 07:15:16', '2021-12-13 07:15:16')
,(38, '2001-02-24 00:00:00', 'dc93f99f-49b4-4e6b-87d2-1e3c3941d6ff', NULL, 'CAD', 0, 0, 'Random entry 38', '[]', 'en', NULL, NULL, NULL, NULL, NULL, '2021-12-13 07:15:16', '2021-12-13 07:15:16')
,(39, '2001-03-04 00:00:00', 'dc93f99f-49b4-4e6b-87d2-1e3c3941d6ff', NULL, 'CAD', 0, 0, 'Random entry 39', '[]', 'en', NULL, NULL, NULL, NULL, NULL, '2021-12-13 07:15:16', '2021-12-13 07:15:16')
,(40, '2001-02-26 00:00:00', 'dc93f99f-49b4-4e6b-87d2-1e3c3941d6ff', NULL, 'CAD', 0, 0, 'Random entry 40', '[]', 'en', NULL, NULL, NULL, NULL, NULL, '2021-12-13 07:15:16', '2021-12-13 07:15:16')
,(41, '2001-01-04 00:00:00', 'dc93f99f-49b4-4e6b-87d2-1e3c3941d6ff', NULL, 'CAD', 0, 0, 'Random entry 41', '[]', 'en', NULL, NULL, NULL, NULL, NULL, '2021-12-13 07:15:16', '2021-12-13 07:15:16')
,(42, '2001-01-10 00:00:00', 'dc93f99f-49b4-4e6b-87d2-1e3c3941d6ff', NULL, 'CAD', 0, 0, 'Random entry 42', '[]', 'en', NULL, NULL, NULL, NULL, NULL, '2021-12-13 07:15:16', '2021-12-13 07:15:16')
,(43, '2001-02-09 00:00:00', 'dc93f99f-49b4-4e6b-87d2-1e3c3941d6ff', NULL, 'CAD', 0, 0, 'Random entry 43', '[]', 'en', NULL, NULL, NULL, NULL, NULL, '2021-12-13 07:15:16', '2021-12-13 07:15:16')
,(44, '2001-03-25 00:00:00', 'dc93f99f-49b4-4e6b-87d2-1e3c3941d6ff', NULL, 'CAD', 0, 0, 'Random entry 44', '[]', 'en', NULL, NULL, NULL, NULL, NULL, '2021-12-13 07:15:16', '2021-12-13 07:15:16')
,(45, '2001-03-23 00:00:00', 'dc93f99f-49b4-4e6b-87d2-1e3c3941d6ff', NULL, 'CAD', 0, 0, 'Random entry 45', '[]', 'en', NULL, NULL, NULL, NULL, NULL, '2021-12-13 07:15:16', '2021-12-13 07:15:16')
,(46, '2001-02-06 00:00:00', 'dc93f99f-49b4-4e6b-87d2-1e3c3941d6ff', NULL, 'CAD', 0, 0, 'Random entry 46', '[]', 'en', NULL, NULL, NULL, NULL, NULL, '2021-12-13 07:15:16', '2021-12-13 07:15:16')
,(47, '2001-01-15 00:00:00', 'dc93f99f-49b4-4e6b-87d2-1e3c3941d6ff', NULL, 'CAD', 0, 0, 'Random entry 47', '[]', 'en', NULL, NULL, NULL, NULL, NULL, '2021-12-13 07:15:16', '2021-12-13 07:15:16')
,(48, '2001-01-22 00:00:00', 'dc93f99f-49b4-4e6b-87d2-1e3c3941d6ff', NULL, 'CAD', 0, 0, 'Random entry 48', '[]', 'en', NULL, NULL, NULL, NULL, NULL, '2021-12-13 07:15:16', '2021-12-13 07:15:16')
,(49, '2001-02-23 00:00:00', 'dc93f99f-49b4-4e6b-87d2-1e3c3941d6ff', NULL, 'CAD', 0, 0, 'Random entry 49', '[]', 'en', NULL, NULL, NULL, NULL, NULL, '2021-12-13 07:15:16', '2021-12-13 07:15:16')
,(50, '2001-04-19 00:00:00', 'dc93f99f-49b4-4e6b-87d2-1e3c3941d6ff', NULL, 'CAD', 0, 0, 'Random entry 50', '[]', 'en', NULL, NULL, NULL, NULL, NULL, '2021-12-13 07:15:16', '2021-12-13 07:15:16')
,(51, '2001-01-24 00:00:00', 'dc93f99f-49b4-4e6b-87d2-1e3c3941d6ff', NULL, 'CAD', 0, 0, 'Random entry 51', '[]', 'en', NULL, NULL, NULL, NULL, NULL, '2021-12-13 07:15:16', '2021-12-13 07:15:16')
,(52, '2001-01-12 00:00:00', 'dc93f99f-49b4-4e6b-87d2-1e3c3941d6ff', NULL, 'CAD', 0, 0, 'Random entry 52', '[]', 'en', NULL, NULL, NULL, NULL, NULL, '2021-12-13 07:15:16', '2021-12-13 07:15:16')
,(53, '2001-02-15 00:00:00', 'dc93f99f-49b4-4e6b-87d2-1e3c3941d6ff', NULL, 'CAD', 0, 0, 'Random entry 53', '[]', 'en', NULL, NULL, NULL, NULL, NULL, '2021-12-13 07:15:16', '2021-12-13 07:15:16')
,(54, '2001-01-17 00:00:00', 'dc93f99f-49b4-4e6b-87d2-1e3c3941d6ff', NULL, 'CAD', 0, 0, 'Random entry 54', '[]', 'en', NULL, NULL, NULL, NULL, NULL, '2021-12-13 07:15:16', '2021-12-13 07:15:16')
,(55, '2001-02-16 00:00:00', 'dc93f99f-49b4-4e6b-87d2-1e3c3941d6ff', NULL, 'CAD', 0, 0, 'Random entry 55', '[]', 'en', NULL, NULL, NULL, NULL, NULL, '2021-12-13 07:15:16', '2021-12-13 07:15:16')
,(56, '2001-01-10 00:00:00', 'dc93f99f-49b4-4e6b-87d2-1e3c3941d6ff', NULL, 'CAD', 0, 0, 'Random entry 56', '[]', 'en', NULL, NULL, NULL, NULL, NULL, '2021-12-13 07:15:16', '2021-12-13 07:15:16')
,(57, '2001-02-09 00:00:00', 'dc93f99f-49b4-4e6b-87d2-1e3c3941d6ff', NULL, 'CAD', 0, 0, 'Random entry 57', '[]', 'en', NULL, NULL, NULL, NULL, NULL, '2021-12-13 07:15:16', '2021-12-13 07:15:16')
,(58, '2001-01-08 00:00:00', 'dc93f99f-49b4-4e6b-87d2-1e3c3941d6ff', NULL, 'CAD', 0, 0, 'Random entry 58', '[]', 'en', NULL, NULL, NULL, NULL, NULL, '2021-12-13 07:15:16', '2021-12-13 07:15:16')
,(59, '2001-03-18 00:00:00', 'dc93f99f-49b4-4e6b-87d2-1e3c3941d6ff', NULL, 'CAD', 0, 0, 'Random entry 59', '[]', 'en', NULL, NULL, NULL, NULL, NULL, '2021-12-13 07:15:16', '2021-12-13 07:15:16')
,(60, '2001-02-10 00:00:00', 'dc93f99f-49b4-4e6b-87d2-1e3c3941d6ff', NULL, 'CAD', 0, 0, 'Random entry 60', '[]', 'en', NULL, NULL, NULL, NULL, NULL, '2021-12-13 07:15:16', '2021-12-13 07:15:16')
,(61, '2001-02-06 00:00:00', 'dc93f99f-49b4-4e6b-87d2-1e3c3941d6ff', NULL, 'CAD', 0, 0, 'Random entry 61', '[]', 'en', NULL, NULL, NULL, NULL, NULL, '2021-12-13 07:15:16', '2021-12-13 07:15:16')
,(62, '2001-02-24 00:00:00', 'dc93f99f-49b4-4e6b-87d2-1e3c3941d6ff', NULL, 'CAD', 0, 0, 'Random entry 62', '[]', 'en', NULL, NULL, NULL, NULL, NULL, '2021-12-13 07:15:16', '2021-12-13 07:15:16')
,(63, '2001-01-17 00:00:00', 'dc93f99f-49b4-4e6b-87d2-1e3c3941d6ff', NULL, 'CAD', 0, 0, 'Random entry 63', '[]', 'en', NULL, NULL, NULL, NULL, NULL, '2021-12-13 07:15:16', '2021-12-13 07:15:16')
,(64, '2001-02-25 00:00:00', 'dc93f99f-49b4-4e6b-87d2-1e3c3941d6ff', NULL, 'CAD', 0, 0, 'Random entry 64', '[]', 'en', NULL, NULL, NULL, NULL, NULL, '2021-12-13 07:15:16', '2021-12-13 07:15:16')
,(65, '2001-01-19 00:00:00', 'dc93f99f-49b4-4e6b-87d2-1e3c3941d6ff', NULL, 'CAD', 0, 0, 'Random entry 65', '[]', 'en', NULL, NULL, NULL, NULL, NULL, '2021-12-13 07:15:17', '2021-12-13 07:15:17')
,(66, '2001-01-16 00:00:00', 'dc93f99f-49b4-4e6b-87d2-1e3c3941d6ff', NULL, 'CAD', 0, 0, 'Random entry 66', '[]', 'en', NULL, NULL, NULL, NULL, NULL, '2021-12-13 07:15:17', '2021-12-13 07:15:17')
,(67, '2001-01-21 00:00:00', 'dc93f99f-49b4-4e6b-87d2-1e3c3941d6ff', NULL, 'CAD', 0, 0, 'Random entry 67', '[]', 'en', NULL, NULL, NULL, NULL, NULL, '2021-12-13 07:15:17', '2021-12-13 07:15:17')
,(68, '2001-02-15 00:00:00', 'dc93f99f-49b4-4e6b-87d2-1e3c3941d6ff', NULL, 'CAD', 0, 0, 'Random entry 68', '[]', 'en', NULL, NULL, NULL, NULL, NULL, '2021-12-13 07:15:17', '2021-12-13 07:15:17')
,(69, '2001-03-12 00:00:00', 'dc93f99f-49b4-4e6b-87d2-1e3c3941d6ff', NULL, 'CAD', 0, 0, 'Random entry 69', '[]', 'en', NULL, NULL, NULL, NULL, NULL, '2021-12-13 07:15:17', '2021-12-13 07:15:17')
,(70, '2001-03-07 00:00:00', 'dc93f99f-49b4-4e6b-87d2-1e3c3941d6ff', NULL, 'CAD', 0, 0, 'Random entry 70', '[]', 'en', NULL, NULL, NULL, NULL, NULL, '2021-12-13 07:15:17', '2021-12-13 07:15:17')
,(71, '2001-01-10 00:00:00', 'dc93f99f-49b4-4e6b-87d2-1e3c3941d6ff', NULL, 'CAD', 0, 0, 'Random entry 71', '[]', 'en', NULL, NULL, NULL, NULL, NULL, '2021-12-13 07:15:17', '2021-12-13 07:15:17')
,(72, '2001-02-28 00:00:00', 'dc93f99f-49b4-4e6b-87d2-1e3c3941d6ff', NULL, 'CAD', 0, 0, 'Random entry 72', '[]', 'en', NULL, NULL, NULL, NULL, NULL, '2021-12-13 07:15:17', '2021-12-13 07:15:17')
,(73, '2001-02-12 00:00:00', 'dc93f99f-49b4-4e6b-87d2-1e3c3941d6ff', NULL, 'CAD', 0, 0, 'Random entry 73', '[]', 'en', NULL, NULL, NULL, NULL, NULL, '2021-12-13 07:15:17', '2021-12-13 07:15:17')
,(74, '2001-02-23 00:00:00', 'dc93f99f-49b4-4e6b-87d2-1e3c3941d6ff', NULL, 'CAD', 0, 0, 'Random entry 74', '[]', 'en', NULL, NULL, NULL, NULL, NULL, '2021-12-13 07:15:17', '2021-12-13 07:15:17')
,(75, '2001-03-29 00:00:00', 'dc93f99f-49b4-4e6b-87d2-1e3c3941d6ff', NULL, 'CAD', 0, 0, 'Random entry 75', '[]', 'en', NULL, NULL, NULL, NULL, NULL, '2021-12-13 07:15:17', '2021-12-13 07:15:17')
,(76, '2001-01-24 00:00:00', 'dc93f99f-49b4-4e6b-87d2-1e3c3941d6ff', NULL, 'CAD', 0, 0, 'Random entry 76', '[]', 'en', NULL, NULL, NULL, NULL, NULL, '2021-12-13 07:15:17', '2021-12-13 07:15:17')
,(77, '2001-03-06 00:00:00', 'dc93f99f-49b4-4e6b-87d2-1e3c3941d6ff', NULL, 'CAD', 0, 0, 'Random entry 77', '[]', 'en', NULL, NULL, NULL, NULL, NULL, '2021-12-13 07:15:17', '2021-12-13 07:15:17')
,(78, '2001-04-19 00:00:00', 'dc93f99f-49b4-4e6b-87d2-1e3c3941d6ff', NULL, 'CAD', 0, 0, 'Random entry 78', '[]', 'en', NULL, NULL, NULL, NULL, NULL, '2021-12-13 07:15:17', '2021-12-13 07:15:17')
,(79, '2001-02-25 00:00:00', 'dc93f99f-49b4-4e6b-87d2-1e3c3941d6ff', NULL, 'CAD', 0, 0, 'Random entry 79', '[]', 'en', NULL, NULL, NULL, NULL, NULL, '2021-12-13 07:15:17', '2021-12-13 07:15:17')
,(80, '2001-03-17 00:00:00', 'dc93f99f-49b4-4e6b-87d2-1e3c3941d6ff', NULL, 'CAD', 0, 0, 'Random entry 80', '[]', 'en', NULL, NULL, NULL, NULL, NULL, '2021-12-13 07:15:17', '2021-12-13 07:15:17')
,(81, '2001-01-05 00:00:00', 'dc93f99f-49b4-4e6b-87d2-1e3c3941d6ff', NULL, 'CAD', 0, 0, 'Random entry 81', '[]', 'en', NULL, NULL, NULL, NULL, NULL, '2021-12-13 07:15:17', '2021-12-13 07:15:17')
,(82, '2001-01-02 00:00:00', 'dc93f99f-49b4-4e6b-87d2-1e3c3941d6ff', NULL, 'CAD', 0, 0, 'Random entry 82', '[]', 'en', NULL, NULL, NULL, NULL, NULL, '2021-12-13 07:15:17', '2021-12-13 07:15:17')
,(83, '2001-02-18 00:00:00', 'dc93f99f-49b4-4e6b-87d2-1e3c3941d6ff', NULL, 'CAD', 0, 0, 'Random entry 83', '[]', 'en', NULL, NULL, NULL, NULL, NULL, '2021-12-13 07:15:17', '2021-12-13 07:15:17')
,(84, '2001-01-26 00:00:00', 'dc93f99f-49b4-4e6b-87d2-1e3c3941d6ff', NULL, 'CAD', 0, 0, 'Random entry 84', '[]', 'en', NULL, NULL, NULL, NULL, NULL, '2021-12-13 07:15:17', '2021-12-13 07:15:17')
,(85, '2001-01-17 00:00:00', 'dc93f99f-49b4-4e6b-87d2-1e3c3941d6ff', NULL, 'CAD', 0, 0, 'Random entry 85', '[]', 'en', NULL, NULL, NULL, NULL, NULL, '2021-12-13 07:15:17', '2021-12-13 07:15:17')
,(86, '2001-02-13 00:00:00', 'dc93f99f-49b4-4e6b-87d2-1e3c3941d6ff', NULL, 'CAD', 0, 0, 'Random entry 86', '[]', 'en', NULL, NULL, NULL, NULL, NULL, '2021-12-13 07:15:17', '2021-12-13 07:15:17')
,(87, '2001-01-27 00:00:00', 'dc93f99f-49b4-4e6b-87d2-1e3c3941d6ff', NULL, 'CAD', 0, 0, 'Random entry 87', '[]', 'en', NULL, NULL, NULL, NULL, NULL, '2021-12-13 07:15:17', '2021-12-13 07:15:17')
,(88, '2001-04-05 00:00:00', 'dc93f99f-49b4-4e6b-87d2-1e3c3941d6ff', NULL, 'CAD', 0, 0, 'Random entry 88', '[]', 'en', NULL, NULL, NULL, NULL, NULL, '2021-12-13 07:15:17', '2021-12-13 07:15:17')
,(89, '2001-02-04 00:00:00', 'dc93f99f-49b4-4e6b-87d2-1e3c3941d6ff', NULL, 'CAD', 0, 0, 'Random entry 89', '[]', 'en', NULL, NULL, NULL, NULL, NULL, '2021-12-13 07:15:17', '2021-12-13 07:15:17')
,(90, '2001-01-20 00:00:00', 'dc93f99f-49b4-4e6b-87d2-1e3c3941d6ff', NULL, 'CAD', 0, 0, 'Random entry 90', '[]', 'en', NULL, NULL, NULL, NULL, NULL, '2021-12-13 07:15:17', '2021-12-13 07:15:17')
,(91, '2001-02-07 00:00:00', 'dc93f99f-49b4-4e6b-87d2-1e3c3941d6ff', NULL, 'CAD', 0, 0, 'Random entry 91', '[]', 'en', NULL, NULL, NULL, NULL, NULL, '2021-12-13 07:15:17', '2021-12-13 07:15:17')
,(92, '2001-01-15 00:00:00', 'dc93f99f-49b4-4e6b-87d2-1e3c3941d6ff', NULL, 'CAD', 0, 0, 'Random entry 92', '[]', 'en', NULL, NULL, NULL, NULL, NULL, '2021-12-13 07:15:17', '2021-12-13 07:15:17')
,(93, '2001-01-27 00:00:00', 'dc93f99f-49b4-4e6b-87d2-1e3c3941d6ff', NULL, 'CAD', 0, 0, 'Random entry 93', '[]', 'en', NULL, NULL, NULL, NULL, NULL, '2021-12-13 07:15:18', '2021-12-13 07:15:18')
,(94, '2001-01-24 00:00:00', 'dc93f99f-49b4-4e6b-87d2-1e3c3941d6ff', NULL, 'CAD', 0, 0, 'Random entry 94', '[]', 'en', NULL, NULL, NULL, NULL, NULL, '2021-12-13 07:15:18', '2021-12-13 07:15:18')
,(95, '2001-03-28 00:00:00', 'dc93f99f-49b4-4e6b-87d2-1e3c3941d6ff', NULL, 'CAD', 0, 0, 'Random entry 95', '[]', 'en', NULL, NULL, NULL, NULL, NULL, '2021-12-13 07:15:18', '2021-12-13 07:15:18')
,(96, '2001-02-09 00:00:00', 'dc93f99f-49b4-4e6b-87d2-1e3c3941d6ff', NULL, 'CAD', 0, 0, 'Random entry 96', '[]', 'en', NULL, NULL, NULL, NULL, NULL, '2021-12-13 07:15:18', '2021-12-13 07:15:18')
,(97, '2001-01-12 00:00:00', 'dc93f99f-49b4-4e6b-87d2-1e3c3941d6ff', NULL, 'CAD', 0, 0, 'Random entry 97', '[]', 'en', NULL, NULL, NULL, NULL, NULL, '2021-12-13 07:15:18', '2021-12-13 07:15:18')
,(98, '2001-01-30 00:00:00', 'dc93f99f-49b4-4e6b-87d2-1e3c3941d6ff', NULL, 'CAD', 0, 0, 'Random entry 98', '[]', 'en', NULL, NULL, NULL, NULL, NULL, '2021-12-13 07:15:18', '2021-12-13 07:15:18')
,(99, '2001-03-21 00:00:00', 'dc93f99f-49b4-4e6b-87d2-1e3c3941d6ff', NULL, 'CAD', 0, 0, 'Random entry 99', '[]', 'en', NULL, NULL, NULL, NULL, NULL, '2021-12-13 07:15:18', '2021-12-13 07:15:18')
,(100, '2001-02-25 00:00:00', 'dc93f99f-49b4-4e6b-87d2-1e3c3941d6ff', NULL, 'CAD', 0, 0, 'Random entry 100', '[]', 'en', NULL, NULL, NULL, NULL, NULL, '2021-12-13 07:15:18', '2021-12-13 07:15:18')
,(101, '2001-02-24 00:00:00', 'dc93f99f-49b4-4e6b-87d2-1e3c3941d6ff', NULL, 'CAD', 0, 0, 'Random entry 101', '[]', 'en', NULL, NULL, NULL, NULL, NULL, '2021-12-13 07:15:18', '2021-12-13 07:15:18')
,(102, '2001-03-23 00:00:00', 'dc93f99f-49b4-4e6b-87d2-1e3c3941d6ff', NULL, 'CAD', 0, 0, 'Random entry 102', '[]', 'en', NULL, NULL, NULL, NULL, NULL, '2021-12-13 07:15:18', '2021-12-13 07:15:18')
,(103, '2001-01-16 00:00:00', 'dc93f99f-49b4-4e6b-87d2-1e3c3941d6ff', NULL, 'CAD', 0, 0, 'Random entry 103', '[]', 'en', NULL, NULL, NULL, NULL, NULL, '2021-12-13 07:15:18', '2021-12-13 07:15:18')
,(104, '2001-02-28 00:00:00', 'dc93f99f-49b4-4e6b-87d2-1e3c3941d6ff', NULL, 'CAD', 0, 0, 'Random entry 104', '[]', 'en', NULL, NULL, NULL, NULL, NULL, '2021-12-13 07:15:18', '2021-12-13 07:15:18')
,(105, '2001-04-16 00:00:00', 'dc93f99f-49b4-4e6b-87d2-1e3c3941d6ff', NULL, 'CAD', 0, 0, 'Random entry 105', '[]', 'en', NULL, NULL, NULL, NULL, NULL, '2021-12-13 07:15:18', '2021-12-13 07:15:18')
,(106, '2001-04-05 00:00:00', 'dc93f99f-49b4-4e6b-87d2-1e3c3941d6ff', NULL, 'CAD', 0, 0, 'Random entry 106', '[]', 'en', NULL, NULL, NULL, NULL, NULL, '2021-12-13 07:15:18', '2021-12-13 07:15:18')
,(107, '2001-03-06 00:00:00', 'dc93f99f-49b4-4e6b-87d2-1e3c3941d6ff', NULL, 'CAD', 0, 0, 'Random entry 107', '[]', 'en', NULL, NULL, NULL, NULL, NULL, '2021-12-13 07:15:18', '2021-12-13 07:15:18')
;
-- Table
INSERT INTO `ledger_accounts` (`ledgerUuid`, `code`, `parentUuid`, `debit`, `credit`, `category`, `closed`, `extra`, `flex`, `revision`, `created_at`, `updated_at`) VALUES
('c0b81764-505f-4bef-b579-3f37bdd5c082', '', NULL, 0, 0, 1, 0, NULL, '{"rules":{"account":{"postToCategory":false,"codeFormat":"\/^[a-z0-9\\\\-]+$\/i"},"domain":{"default":"CORP"},"entry":{"reviewed":false},"language":{"default":"en"},"openDate":"2001-01-01 00:00:00.000000","pageSize":25},"salt":"c45249e78851251381f2fca351e749f1"}', NULL, '2021-12-13 07:15:13', '2021-12-13 07:15:13')
,('e8a09512-8a31-423c-a65d-c1de25871cd1', '1000', 'c0b81764-505f-4bef-b579-3f37bdd5c082', 1, 0, 1, 0, NULL, NULL, NULL, '2021-12-13 07:15:13', '2021-12-13 07:15:13')
,('c9e7d706-ffc4-4895-b619-b06e257a7fa2', '1100', 'e8a09512-8a31-423c-a65d-c1de25871cd1', 1, 0, 1, 0, NULL, NULL, NULL, '2021-12-13 07:15:13', '2021-12-13 07:15:13')
,('a4eeaef1-2152-4f71-aa92-9b9a7dd32a43', '1110', 'c9e7d706-ffc4-4895-b619-b06e257a7fa2', 1, 0, 1, 0, NULL, NULL, NULL, '2021-12-13 07:15:13', '2021-12-13 07:15:13')
,('3fe854c2-bc36-4f20-9c95-d41406fd9787', '1120', 'c9e7d706-ffc4-4895-b619-b06e257a7fa2', 1, 0, 0, 0, NULL, NULL, NULL, '2021-12-13 07:15:13', '2021-12-13 07:15:13')
,('2c2b153b-cbbc-44f5-926a-a1ff85df15a9', '1130', 'c9e7d706-ffc4-4895-b619-b06e257a7fa2', 1, 0, 0, 0, NULL, NULL, NULL, '2021-12-13 07:15:13', '2021-12-13 07:15:13')
,('adc77ef5-da8c-4c9c-bd74-523506bc21cc', '1140', 'c9e7d706-ffc4-4895-b619-b06e257a7fa2', 1, 0, 0, 0, NULL, NULL, NULL, '2021-12-13 07:15:13', '2021-12-13 07:15:13')
,('12ba783a-39e6-405e-a174-8d56ccb6a6df', '1150', 'c9e7d706-ffc4-4895-b619-b06e257a7fa2', 1, 0, 0, 0, NULL, NULL, NULL, '2021-12-13 07:15:13', '2021-12-13 07:15:13')
,('ff349a73-ea06-4d46-8f8d-1593ddab22d7', '1160', 'c9e7d706-ffc4-4895-b619-b06e257a7fa2', 1, 0, 0, 0, NULL, NULL, NULL, '2021-12-13 07:15:13', '2021-12-13 07:15:13')
,('498e5379-18c6-4d44-95ad-e5dced87a76d', '1200', 'e8a09512-8a31-423c-a65d-c1de25871cd1', 1, 0, 1, 0, NULL, NULL, NULL, '2021-12-13 07:15:13', '2021-12-13 07:15:13')
,('f8fff228-51f4-490f-acbf-8dd6df3e6b3b', '1210', '498e5379-18c6-4d44-95ad-e5dced87a76d', 1, 0, 0, 0, NULL, NULL, NULL, '2021-12-13 07:15:13', '2021-12-13 07:15:13')
,('b8933020-0a92-46ea-884e-36692c9c9b8e', '1300', 'e8a09512-8a31-423c-a65d-c1de25871cd1', 1, 0, 1, 0, NULL, NULL, NULL, '2021-12-13 07:15:13', '2021-12-13 07:15:13')
,('9ae74eb4-f34d-4cff-ab14-f7b44439b4ec', '1310', 'b8933020-0a92-46ea-884e-36692c9c9b8e', 1, 0, 0, 0, NULL, NULL, NULL, '2021-12-13 07:15:13', '2021-12-13 07:15:13')
,('a3fad642-1d77-4661-8032-161df8348045', '1320', 'b8933020-0a92-46ea-884e-36692c9c9b8e', 0, 1, 0, 0, NULL, NULL, NULL, '2021-12-13 07:15:13', '2021-12-13 07:15:13')
,('1f7b1976-8e74-498b-9009-af24968b994b', '1400', 'e8a09512-8a31-423c-a65d-c1de25871cd1', 1, 0, 1, 0, NULL, NULL, NULL, '2021-12-13 07:15:13', '2021-12-13 07:15:13')
,('8cd538d4-1110-48e5-921d-d3c72a5c96fd', '1410', '1f7b1976-8e74-498b-9009-af24968b994b', 1, 0, 0, 0, NULL, NULL, NULL, '2021-12-13 07:15:13', '2021-12-13 07:15:13')
,('ccaaab85-02ce-49fc-855c-53b0a4ac2eae', '1420', '1f7b1976-8e74-498b-9009-af24968b994b', 1, 0, 0, 0, NULL, NULL, NULL, '2021-12-13 07:15:13', '2021-12-13 07:15:13')
,('480e9f2e-34ff-4c2c-ae05-83031b24f29a', '1430', '1f7b1976-8e74-498b-9009-af24968b994b', 1, 0, 0, 0, NULL, NULL, NULL, '2021-12-13 07:15:13', '2021-12-13 07:15:13')
,('8129bad7-f025-47b0-87a7-d2eb1da8da6a', '1500', 'e8a09512-8a31-423c-a65d-c1de25871cd1', 1, 0, 1, 0, NULL, NULL, NULL, '2021-12-13 07:15:13', '2021-12-13 07:15:13')
,('e01712af-7488-4437-98b0-d09ea1d8e2af', '1510', '8129bad7-f025-47b0-87a7-d2eb1da8da6a', 1, 0, 0, 0, NULL, NULL, NULL, '2021-12-13 07:15:13', '2021-12-13 07:15:13')
,('b9db0e8d-63e2-4950-b551-3db1bb413ced', '1600', 'e8a09512-8a31-423c-a65d-c1de25871cd1', 1, 0, 1, 0, NULL, NULL, NULL, '2021-12-13 07:15:13', '2021-12-13 07:15:13')
,('f910b0d6-6c43-40f4-88fe-179e351b174a', '1610', 'b9db0e8d-63e2-4950-b551-3db1bb413ced', 1, 0, 0, 0, NULL, NULL, NULL, '2021-12-13 07:15:13', '2021-12-13 07:15:13')
,('74d5e0dd-75dc-4cc8-8e2a-81c4816d5a66', '1700', 'e8a09512-8a31-423c-a65d-c1de25871cd1', 1, 0, 1, 0, NULL, NULL, NULL, '2021-12-13 07:15:13', '2021-12-13 07:15:13')
,('91d7941d-423b-4d34-bd40-eea6e0dc6557', '1710', '74d5e0dd-75dc-4cc8-8e2a-81c4816d5a66', 0, 1, 0, 0, NULL, NULL, NULL, '2021-12-13 07:15:13', '2021-12-13 07:15:13')
,('ed0c24d2-bf89-4107-a438-7080d8d93d3f', '1720', '74d5e0dd-75dc-4cc8-8e2a-81c4816d5a66', 1, 0, 0, 0, NULL, NULL, NULL, '2021-12-13 07:15:13', '2021-12-13 07:15:13')
,('ba625758-a326-45ab-a11b-c5b96a47ccf7', '1730', '74d5e0dd-75dc-4cc8-8e2a-81c4816d5a66', 0, 1, 0, 0, NULL, NULL, NULL, '2021-12-13 07:15:13', '2021-12-13 07:15:13')
,('86c6642c-82c0-41e3-b654-e2e14e894c10', '1740', '74d5e0dd-75dc-4cc8-8e2a-81c4816d5a66', 1, 0, 0, 0, NULL, NULL, NULL, '2021-12-13 07:15:13', '2021-12-13 07:15:13')
,('02c41480-fc30-46f2-b1f7-cea628b10a7c', '1750', '74d5e0dd-75dc-4cc8-8e2a-81c4816d5a66', 0, 1, 0, 0, NULL, NULL, NULL, '2021-12-13 07:15:13', '2021-12-13 07:15:13')
,('6dae03c2-9870-48a8-a519-4d8a1795373e', '1800', 'e8a09512-8a31-423c-a65d-c1de25871cd1', 1, 0, 1, 0, NULL, NULL, NULL, '2021-12-13 07:15:13', '2021-12-13 07:15:13')
,('4b4e85af-0754-465b-8779-88343a0e68d7', '1810', '6dae03c2-9870-48a8-a519-4d8a1795373e', 1, 0, 0, 0, NULL, NULL, NULL, '2021-12-13 07:15:13', '2021-12-13 07:15:13')
,('b8032167-325b-4c82-8135-f648f6314690', '1820', '6dae03c2-9870-48a8-a519-4d8a1795373e', 0, 1, 0, 0, NULL, NULL, NULL, '2021-12-13 07:15:13', '2021-12-13 07:15:13')
,('914dbde9-0e93-4d7b-b54c-e7367c1456bd', '1840', '6dae03c2-9870-48a8-a519-4d8a1795373e', 1, 0, 0, 0, NULL, NULL, NULL, '2021-12-13 07:15:13', '2021-12-13 07:15:13')
,('e0c3abe3-a839-49c1-a2e9-cfb8c175afb6', '2000', 'c0b81764-505f-4bef-b579-3f37bdd5c082', 0, 1, 1, 0, NULL, NULL, NULL, '2021-12-13 07:15:13', '2021-12-13 07:15:13')
,('81cabe1b-a95d-4ec5-8da2-b4b0ee4328ec', '2100', 'e0c3abe3-a839-49c1-a2e9-cfb8c175afb6', 0, 1, 1, 0, NULL, NULL, NULL, '2021-12-13 07:15:13', '2021-12-13 07:15:13')
,('64fbbeee-9395-463f-b8e5-0dcf039eefb3', '2110', '81cabe1b-a95d-4ec5-8da2-b4b0ee4328ec', 0, 1, 0, 0, NULL, NULL, NULL, '2021-12-13 07:15:13', '2021-12-13 07:15:13')
,('e1061a2e-581d-4c1a-8862-f979b20d757a', '2120', '81cabe1b-a95d-4ec5-8da2-b4b0ee4328ec', 0, 1, 0, 0, NULL, NULL, NULL, '2021-12-13 07:15:13', '2021-12-13 07:15:13')
,('0851b7e5-6fe5-4b94-82c1-36527deee123', '2200', 'e0c3abe3-a839-49c1-a2e9-cfb8c175afb6', 0, 1, 1, 0, NULL, NULL, NULL, '2021-12-13 07:15:13', '2021-12-13 07:15:13')
,('624181cd-d2ff-4e64-8b0f-b0379bc8aaa1', '2210', '0851b7e5-6fe5-4b94-82c1-36527deee123', 0, 1, 0, 0, NULL, NULL, NULL, '2021-12-13 07:15:13', '2021-12-13 07:15:13')
,('a7a26448-171a-4fa7-b330-f4188744f153', '2220', '0851b7e5-6fe5-4b94-82c1-36527deee123', 0, 1, 0, 0, NULL, NULL, NULL, '2021-12-13 07:15:13', '2021-12-13 07:15:13')
,('8e36cada-5846-4eec-b040-ff544339a1a8', '2230', '0851b7e5-6fe5-4b94-82c1-36527deee123', 0, 1, 0, 0, NULL, NULL, NULL, '2021-12-13 07:15:13', '2021-12-13 07:15:13')
,('aa55814e-1083-4dae-8660-6573d213dde1', '2240', '0851b7e5-6fe5-4b94-82c1-36527deee123', 0, 1, 0, 0, NULL, NULL, NULL, '2021-12-13 07:15:13', '2021-12-13 07:15:13')
,('4b50ec98-afef-4d79-8451-67b21772009b', '2250', '0851b7e5-6fe5-4b94-82c1-36527deee123', 0, 1, 0, 0, NULL, NULL, NULL, '2021-12-13 07:15:13', '2021-12-13 07:15:13')
,('71e818a7-b38a-464a-9cba-8fc92e2445f1', '2260', '0851b7e5-6fe5-4b94-82c1-36527deee123', 0, 1, 0, 0, NULL, NULL, NULL, '2021-12-13 07:15:13', '2021-12-13 07:15:13')
,('854aa856-bb41-46bf-a17e-829766619966', '2270', '0851b7e5-6fe5-4b94-82c1-36527deee123', 0, 1, 0, 0, NULL, NULL, NULL, '2021-12-13 07:15:13', '2021-12-13 07:15:13')
,('ef44f017-5e51-4ac2-8f41-84de1ee133ec', '2280', '0851b7e5-6fe5-4b94-82c1-36527deee123', 0, 1, 0, 0, NULL, NULL, NULL, '2021-12-13 07:15:13', '2021-12-13 07:15:13')
,('b02508bc-37e1-410d-8564-c6c0295048b5', '2300', 'e0c3abe3-a839-49c1-a2e9-cfb8c175afb6', 0, 1, 1, 0, NULL, NULL, NULL, '2021-12-13 07:15:13', '2021-12-13 07:15:13')
,('ca6b61b8-266a-46c2-b312-a5f4dc9efbe5', '2310', 'b02508bc-37e1-410d-8564-c6c0295048b5', 0, 1, 0, 0, NULL, NULL, NULL, '2021-12-13 07:15:13', '2021-12-13 07:15:13')
,('ca4a0609-8266-4d8b-a9a5-2559cd80c74a', '2320', 'b02508bc-37e1-410d-8564-c6c0295048b5', 0, 1, 0, 0, NULL, NULL, NULL, '2021-12-13 07:15:13', '2021-12-13 07:15:13')
,('aa6129ab-feb9-4693-8bde-02502736d8c4', '3000', 'c0b81764-505f-4bef-b579-3f37bdd5c082', 0, 1, 1, 0, NULL, NULL, NULL, '2021-12-13 07:15:13', '2021-12-13 07:15:13')
,('ea82a099-34bf-45a5-bc6c-d7e12ec0c3e0', '3100', 'aa6129ab-feb9-4693-8bde-02502736d8c4', 0, 1, 0, 0, NULL, NULL, NULL, '2021-12-13 07:15:13', '2021-12-13 07:15:13')
,('5eb6b54f-6b48-43cd-8f2f-09f4494708c0', '3200', 'aa6129ab-feb9-4693-8bde-02502736d8c4', 0, 1, 0, 0, NULL, NULL, NULL, '2021-12-13 07:15:13', '2021-12-13 07:15:13')
,('dda5dd04-c6ec-4e80-bb61-65ac0b64d638', '4000', 'c0b81764-505f-4bef-b579-3f37bdd5c082', 0, 1, 1, 0, NULL, NULL, NULL, '2021-12-13 07:15:13', '2021-12-13 07:15:13')
,('c7faa3c3-7507-4c73-882c-2c50a9aa1d40', '4100', 'dda5dd04-c6ec-4e80-bb61-65ac0b64d638', 0, 1, 1, 0, NULL, NULL, NULL, '2021-12-13 07:15:13', '2021-12-13 07:15:13')
,('8bad9c04-b816-4638-a23d-b70f0fe54582', '4110', 'c7faa3c3-7507-4c73-882c-2c50a9aa1d40', 0, 1, 0, 0, NULL, NULL, NULL, '2021-12-13 07:15:13', '2021-12-13 07:15:13')
,('279d7a02-d98f-495a-aff9-cf2490d36027', '4120', 'c7faa3c3-7507-4c73-882c-2c50a9aa1d40', 1, 0, 0, 0, NULL, NULL, NULL, '2021-12-13 07:15:13', '2021-12-13 07:15:13')
,('062db9bd-6aec-4e8d-929f-ff258ffc56ba', '4200', 'dda5dd04-c6ec-4e80-bb61-65ac0b64d638', 0, 1, 1, 0, NULL, NULL, NULL, '2021-12-13 07:15:13', '2021-12-13 07:15:13')
,('bafe2045-34ce-4b12-80b0-c4597359363e', '4210', '062db9bd-6aec-4e8d-929f-ff258ffc56ba', 0, 1, 0, 0, NULL, NULL, NULL, '2021-12-13 07:15:13', '2021-12-13 07:15:13')
,('83654445-35a2-4d5b-afec-5446f56bd0b2', '4220', '062db9bd-6aec-4e8d-929f-ff258ffc56ba', 0, 1, 0, 0, NULL, NULL, NULL, '2021-12-13 07:15:13', '2021-12-13 07:15:13')
,('5459700f-4aa5-4961-ade7-49b7a1868c55', '4230', '062db9bd-6aec-4e8d-929f-ff258ffc56ba', 0, 1, 0, 0, NULL, NULL, NULL, '2021-12-13 07:15:13', '2021-12-13 07:15:13')
,('f0b5d2af-5176-4053-9c2b-fabda6e7ce18', '4240', '062db9bd-6aec-4e8d-929f-ff258ffc56ba', 0, 1, 0, 0, NULL, NULL, NULL, '2021-12-13 07:15:13', '2021-12-13 07:15:13')
,('bb9444f1-086f-479a-af25-521cfe4658d6', '5000', 'c0b81764-505f-4bef-b579-3f37bdd5c082', 1, 0, 1, 0, NULL, NULL, NULL, '2021-12-13 07:15:13', '2021-12-13 07:15:13')
,('7d2cfe98-0c10-410c-841e-1bd132b678c0', '5110', 'bb9444f1-086f-479a-af25-521cfe4658d6', 1, 0, 0, 0, NULL, NULL, NULL, '2021-12-13 07:15:13', '2021-12-13 07:15:13')
,('5275c1a3-e424-414b-9a81-1d6bf8a528bd', '5120', 'bb9444f1-086f-479a-af25-521cfe4658d6', 1, 0, 0, 0, NULL, NULL, NULL, '2021-12-13 07:15:13', '2021-12-13 07:15:13')
,('3f006a53-d104-49b0-a04e-835087a69f17', '5130', 'bb9444f1-086f-479a-af25-521cfe4658d6', 1, 0, 0, 0, NULL, NULL, NULL, '2021-12-13 07:15:13', '2021-12-13 07:15:13')
,('e7a1b25e-2455-4dfc-b61c-52389cbe8761', '5140', 'bb9444f1-086f-479a-af25-521cfe4658d6', 1, 0, 0, 0, NULL, NULL, NULL, '2021-12-13 07:15:13', '2021-12-13 07:15:13')
,('44e34238-4906-469b-bab6-cb1edf9e1f31', '5150', 'bb9444f1-086f-479a-af25-521cfe4658d6', 1, 0, 0, 0, NULL, NULL, NULL, '2021-12-13 07:15:13', '2021-12-13 07:15:13')
,('9ea8c206-5824-4eb4-8297-4d3ff583702f', '5160', 'bb9444f1-086f-479a-af25-521cfe4658d6', 1, 0, 0, 0, NULL, NULL, NULL, '2021-12-13 07:15:13', '2021-12-13 07:15:13')
,('bb53f4e6-6571-4e89-bb35-02f4be5aa7fa', '5170', 'bb9444f1-086f-479a-af25-521cfe4658d6', 1, 0, 0, 0, NULL, NULL, NULL, '2021-12-13 07:15:13', '2021-12-13 07:15:13')
,('c9294bd1-4059-4c61-8b07-ff0beb1817d7', '5180', 'bb9444f1-086f-479a-af25-521cfe4658d6', 0, 1, 0, 0, NULL, NULL, NULL, '2021-12-13 07:15:13', '2021-12-13 07:15:13')
,('d69a9486-d5dd-4073-9c19-0103a6348702', '5190', 'bb9444f1-086f-479a-af25-521cfe4658d6', 1, 0, 0, 0, NULL, NULL, NULL, '2021-12-13 07:15:13', '2021-12-13 07:15:13')
,('ad479102-b306-4960-8a94-810ffeceb91d', '6000', 'c0b81764-505f-4bef-b579-3f37bdd5c082', 1, 0, 1, 0, NULL, NULL, NULL, '2021-12-13 07:15:14', '2021-12-13 07:15:14')
,('69aa0b2f-c586-4a97-8dba-c9b30821b50b', '6100', 'ad479102-b306-4960-8a94-810ffeceb91d', 1, 0, 0, 0, NULL, NULL, NULL, '2021-12-13 07:15:14', '2021-12-13 07:15:14')
,('4acd29ef-5e34-4da3-9844-68c598ae01da', '6200', 'ad479102-b306-4960-8a94-810ffeceb91d', 1, 0, 1, 0, NULL, NULL, NULL, '2021-12-13 07:15:14', '2021-12-13 07:15:14')
,('a50c7ec6-08f1-4736-bdb5-66150335c8d0', '6210', '4acd29ef-5e34-4da3-9844-68c598ae01da', 1, 0, 0, 0, NULL, NULL, NULL, '2021-12-13 07:15:14', '2021-12-13 07:15:14')
,('0e54b672-372e-45bb-bcc1-5d3be472daa1', '6220', '4acd29ef-5e34-4da3-9844-68c598ae01da', 1, 0, 0, 0, NULL, NULL, NULL, '2021-12-13 07:15:14', '2021-12-13 07:15:14')
,('9e8e5933-d073-4c3b-9b10-e4c37a492b50', '6230', '4acd29ef-5e34-4da3-9844-68c598ae01da', 1, 0, 0, 0, NULL, NULL, NULL, '2021-12-13 07:15:14', '2021-12-13 07:15:14')
,('3dfdfa05-13e4-4927-8b82-e71c8b0cdf18', '6240', '4acd29ef-5e34-4da3-9844-68c598ae01da', 1, 0, 0, 0, NULL, NULL, NULL, '2021-12-13 07:15:14', '2021-12-13 07:15:14')
,('cc59f696-5f57-463e-9a00-dc85740f77fd', '6250', '4acd29ef-5e34-4da3-9844-68c598ae01da', 1, 0, 0, 0, NULL, NULL, NULL, '2021-12-13 07:15:14', '2021-12-13 07:15:14')
,('551d4927-2c3a-4275-922d-1313f4d202b9', '6300', 'ad479102-b306-4960-8a94-810ffeceb91d', 1, 0, 1, 0, NULL, NULL, NULL, '2021-12-13 07:15:14', '2021-12-13 07:15:14')
,('729134b6-0868-49c9-a7c1-e04a5abd1b62', '6310', '551d4927-2c3a-4275-922d-1313f4d202b9', 1, 0, 0, 0, NULL, NULL, NULL, '2021-12-13 07:15:14', '2021-12-13 07:15:14')
,('81d4373b-52ea-4014-b85d-f9086baa6c32', '6320', '551d4927-2c3a-4275-922d-1313f4d202b9', 1, 0, 0, 0, NULL, NULL, NULL, '2021-12-13 07:15:14', '2021-12-13 07:15:14')
,('7fc143f7-f855-4d01-8cc7-6b0686da737f', '6330', '551d4927-2c3a-4275-922d-1313f4d202b9', 1, 0, 0, 0, NULL, NULL, NULL, '2021-12-13 07:15:14', '2021-12-13 07:15:14')
,('9f24f045-da99-411b-b991-a8b8e9c1bad6', '6340', '551d4927-2c3a-4275-922d-1313f4d202b9', 1, 0, 0, 0, NULL, NULL, NULL, '2021-12-13 07:15:14', '2021-12-13 07:15:14')
,('94930592-425c-48f6-8a4c-69fd0eb40f14', '6350', '551d4927-2c3a-4275-922d-1313f4d202b9', 1, 0, 0, 0, NULL, NULL, NULL, '2021-12-13 07:15:14', '2021-12-13 07:15:14')
,('279e7bf3-8652-4d12-b573-9bd33ddc023a', '6360', '551d4927-2c3a-4275-922d-1313f4d202b9', 1, 0, 0, 0, NULL, NULL, NULL, '2021-12-13 07:15:14', '2021-12-13 07:15:14')
,('a8f39b26-ff1c-4bfe-a054-7f67d06a7bc3', '6370', '551d4927-2c3a-4275-922d-1313f4d202b9', 1, 0, 0, 0, NULL, NULL, NULL, '2021-12-13 07:15:14', '2021-12-13 07:15:14')
,('d7362379-512a-4eab-8696-5373fbecb1f6', '6380', '551d4927-2c3a-4275-922d-1313f4d202b9', 1, 0, 0, 0, NULL, NULL, NULL, '2021-12-13 07:15:14', '2021-12-13 07:15:14')
,('2de16912-8f4b-458e-afdd-034483a39507', '6390', '551d4927-2c3a-4275-922d-1313f4d202b9', 1, 0, 0, 0, NULL, NULL, NULL, '2021-12-13 07:15:14', '2021-12-13 07:15:14')
,('3685432b-1124-4cf0-b45b-7a477e64e42b', '6400', '551d4927-2c3a-4275-922d-1313f4d202b9', 1, 0, 0, 0, NULL, NULL, NULL, '2021-12-13 07:15:14', '2021-12-13 07:15:14')
,('92071017-41c5-4983-84de-5b6abd40c692', '6410', '551d4927-2c3a-4275-922d-1313f4d202b9', 1, 0, 0, 0, NULL, NULL, NULL, '2021-12-13 07:15:14', '2021-12-13 07:15:14')
,('ed80735b-2925-4db2-bbda-9110c7098a39', '6420', '551d4927-2c3a-4275-922d-1313f4d202b9', 1, 0, 0, 0, NULL, NULL, NULL, '2021-12-13 07:15:14', '2021-12-13 07:15:14')
,('5bfcbaca-45a0-4bac-a842-f80a5def72b9', '6430', '551d4927-2c3a-4275-922d-1313f4d202b9', 1, 0, 0, 0, NULL, NULL, NULL, '2021-12-13 07:15:14', '2021-12-13 07:15:14')
,('d07915ce-39f2-48aa-97b0-a5be5ef886a2', '6440', '551d4927-2c3a-4275-922d-1313f4d202b9', 1, 0, 0, 0, NULL, NULL, NULL, '2021-12-13 07:15:14', '2021-12-13 07:15:14')
,('77660ca9-a55a-430a-b649-fc4a7c7ad733', '6450', '551d4927-2c3a-4275-922d-1313f4d202b9', 1, 0, 0, 0, NULL, NULL, NULL, '2021-12-13 07:15:14', '2021-12-13 07:15:14')
,('f3c95457-bfa1-44be-b6ff-82ccee4f0aec', '6460', '551d4927-2c3a-4275-922d-1313f4d202b9', 1, 0, 0, 0, NULL, NULL, NULL, '2021-12-13 07:15:14', '2021-12-13 07:15:14')
,('87eff36b-84bb-4dfc-8736-50c9793174b5', '6470', '551d4927-2c3a-4275-922d-1313f4d202b9', 1, 0, 0, 0, NULL, NULL, NULL, '2021-12-13 07:15:14', '2021-12-13 07:15:14')
,('fe6e6904-e811-4d6f-a5e2-51b5c36054ba', '6480', '551d4927-2c3a-4275-922d-1313f4d202b9', 1, 0, 0, 0, NULL, NULL, NULL, '2021-12-13 07:15:14', '2021-12-13 07:15:14')
,('e4229b27-3321-4193-a8b0-9d450cf7fb2c', '6490', '551d4927-2c3a-4275-922d-1313f4d202b9', 1, 0, 0, 0, NULL, NULL, NULL, '2021-12-13 07:15:14', '2021-12-13 07:15:14')
,('d30c8306-2330-4319-9f15-34520162f510', '6500', '551d4927-2c3a-4275-922d-1313f4d202b9', 1, 0, 0, 0, NULL, NULL, NULL, '2021-12-13 07:15:14', '2021-12-13 07:15:14')
,('558b4568-c72e-4111-8ef1-8cdef52fb448', '6510', '551d4927-2c3a-4275-922d-1313f4d202b9', 1, 0, 0, 0, NULL, NULL, NULL, '2021-12-13 07:15:14', '2021-12-13 07:15:14')
,('dee567a9-4666-4add-88db-8b1c4900842f', '6520', '551d4927-2c3a-4275-922d-1313f4d202b9', 1, 0, 0, 0, NULL, NULL, NULL, '2021-12-13 07:15:14', '2021-12-13 07:15:14')
,('7f6579ee-1dc8-45b7-a0ac-4e83c69292ab', '6530', '551d4927-2c3a-4275-922d-1313f4d202b9', 1, 0, 0, 0, NULL, NULL, NULL, '2021-12-13 07:15:14', '2021-12-13 07:15:14')
,('36dcb5a4-3476-4c3b-8e79-7531a22af18c', '6540', '551d4927-2c3a-4275-922d-1313f4d202b9', 1, 0, 0, 0, NULL, NULL, NULL, '2021-12-13 07:15:14', '2021-12-13 07:15:14')
,('b083574e-b97e-44c2-9d6e-4b0703987d3f', '6550', '551d4927-2c3a-4275-922d-1313f4d202b9', 1, 0, 0, 0, NULL, NULL, NULL, '2021-12-13 07:15:14', '2021-12-13 07:15:14')
,('3d34952f-1aa1-40fb-94fc-e66685731208', '6560', '551d4927-2c3a-4275-922d-1313f4d202b9', 1, 0, 0, 0, NULL, NULL, NULL, '2021-12-13 07:15:14', '2021-12-13 07:15:14')
,('67306867-6273-40b4-b85b-ea3bf4eb4ca0', '6570', '551d4927-2c3a-4275-922d-1313f4d202b9', 1, 0, 0, 0, NULL, NULL, NULL, '2021-12-13 07:15:14', '2021-12-13 07:15:14')
,('e63f1b04-18da-40f3-b1c2-2b44176fa3e4', '6580', '551d4927-2c3a-4275-922d-1313f4d202b9', 1, 0, 0, 0, NULL, NULL, NULL, '2021-12-13 07:15:14', '2021-12-13 07:15:14')
,('7b3403c0-b2a8-491d-b05c-cdb526a298ef', '6590', '551d4927-2c3a-4275-922d-1313f4d202b9', 1, 0, 0, 0, NULL, NULL, NULL, '2021-12-13 07:15:14', '2021-12-13 07:15:14')
,('9d965644-f0e6-4e33-9770-8cc52b5bee96', '6600', '551d4927-2c3a-4275-922d-1313f4d202b9', 1, 0, 0, 0, NULL, NULL, NULL, '2021-12-13 07:15:14', '2021-12-13 07:15:14')
,('c7c1eb0a-d7a7-4be0-b778-dbac358514df', '6610', '551d4927-2c3a-4275-922d-1313f4d202b9', 1, 0, 0, 0, NULL, NULL, NULL, '2021-12-13 07:15:14', '2021-12-13 07:15:14')
,('7b4e79e4-a4f8-44cd-a43e-fbc456407194', '6620', '551d4927-2c3a-4275-922d-1313f4d202b9', 1, 0, 0, 0, NULL, NULL, NULL, '2021-12-13 07:15:14', '2021-12-13 07:15:14')
,('ca469ed4-2cfa-4a67-a4f2-924c859751fe', '6630', '551d4927-2c3a-4275-922d-1313f4d202b9', 1, 0, 0, 0, NULL, NULL, NULL, '2021-12-13 07:15:14', '2021-12-13 07:15:14')
,('4bc5b915-52dd-4837-b076-f540e74b0eea', '6640', '551d4927-2c3a-4275-922d-1313f4d202b9', 1, 0, 0, 0, NULL, NULL, NULL, '2021-12-13 07:15:14', '2021-12-13 07:15:14')
,('63b39959-2c8a-421d-ae54-978e12ef6486', '6650', '551d4927-2c3a-4275-922d-1313f4d202b9', 1, 0, 0, 0, NULL, NULL, NULL, '2021-12-13 07:15:14', '2021-12-13 07:15:14')
,('e17c84dc-4ace-4a94-9572-c304034052c1', '6660', '551d4927-2c3a-4275-922d-1313f4d202b9', 1, 0, 0, 0, NULL, NULL, NULL, '2021-12-13 07:15:14', '2021-12-13 07:15:14')
,('ed962b29-c652-4dc5-b7c0-820495385409', '6670', '551d4927-2c3a-4275-922d-1313f4d202b9', 1, 0, 0, 0, NULL, NULL, NULL, '2021-12-13 07:15:14', '2021-12-13 07:15:14')
,('46552416-6d80-4d20-97fe-5d9579447ce6', '6680', '551d4927-2c3a-4275-922d-1313f4d202b9', 1, 0, 0, 0, NULL, NULL, NULL, '2021-12-13 07:15:14', '2021-12-13 07:15:14')
,('0f57b4fa-42a5-4636-88b5-3eb110764223', '6690', '551d4927-2c3a-4275-922d-1313f4d202b9', 1, 0, 0, 0, NULL, NULL, NULL, '2021-12-13 07:15:14', '2021-12-13 07:15:14')
,('94ee9597-8acb-4cb6-bdc0-e72c8f035a48', '6700', '551d4927-2c3a-4275-922d-1313f4d202b9', 1, 0, 0, 0, NULL, NULL, NULL, '2021-12-13 07:15:14', '2021-12-13 07:15:14')
,('4443c352-d8c9-4f70-865e-0f3e6673b038', '6710', '551d4927-2c3a-4275-922d-1313f4d202b9', 1, 0, 0, 0, NULL, NULL, NULL, '2021-12-13 07:15:14', '2021-12-13 07:15:14')
,('1f88c444-c8b7-4419-b46f-e026e37210ef', '6720', '551d4927-2c3a-4275-922d-1313f4d202b9', 1, 0, 0, 0, NULL, NULL, NULL, '2021-12-13 07:15:14', '2021-12-13 07:15:14')
,('d19b3ea1-82d9-4b99-a7df-757d05fb5fdb', '6730', '551d4927-2c3a-4275-922d-1313f4d202b9', 1, 0, 0, 0, NULL, NULL, NULL, '2021-12-13 07:15:14', '2021-12-13 07:15:14')
,('7dced02b-e114-497e-8ca7-fe1f7ea83d9c', '6740', '551d4927-2c3a-4275-922d-1313f4d202b9', 1, 0, 0, 0, NULL, NULL, NULL, '2021-12-13 07:15:14', '2021-12-13 07:15:14')
,('8c25feff-244a-4d71-9da7-04c932050f20', '6750', '551d4927-2c3a-4275-922d-1313f4d202b9', 1, 0, 0, 0, NULL, NULL, NULL, '2021-12-13 07:15:14', '2021-12-13 07:15:14')
,('93c57e08-badd-4e93-9f2d-165f32c762db', '6760', '551d4927-2c3a-4275-922d-1313f4d202b9', 1, 0, 0, 0, NULL, NULL, NULL, '2021-12-13 07:15:14', '2021-12-13 07:15:14')
,('3acc2d70-0f12-4474-b8ee-2c021579a892', '6770', '551d4927-2c3a-4275-922d-1313f4d202b9', 1, 0, 0, 0, NULL, NULL, NULL, '2021-12-13 07:15:14', '2021-12-13 07:15:14')
,('9dd23bd0-62eb-4d06-95e8-4f465b74deff', '6780', '551d4927-2c3a-4275-922d-1313f4d202b9', 1, 0, 0, 0, NULL, NULL, NULL, '2021-12-13 07:15:14', '2021-12-13 07:15:14')
,('03ce37e2-0c66-4b43-8251-4ef3d45f44f9', '6800', 'ad479102-b306-4960-8a94-810ffeceb91d', 1, 0, 1, 0, NULL, NULL, NULL, '2021-12-13 07:15:14', '2021-12-13 07:15:14')
,('64c8d9af-36be-4705-9120-eac8ad4a1d25', '6810', '03ce37e2-0c66-4b43-8251-4ef3d45f44f9', 1, 0, 0, 0, NULL, NULL, NULL, '2021-12-13 07:15:14', '2021-12-13 07:15:14')
,('6ecb2042-c47d-4bd1-a09d-361e993f337e', '6820', '03ce37e2-0c66-4b43-8251-4ef3d45f44f9', 1, 0, 0, 0, NULL, NULL, NULL, '2021-12-13 07:15:14', '2021-12-13 07:15:14')
,('c481a3f4-1c67-4226-a790-a1217eb37681', '6830', '03ce37e2-0c66-4b43-8251-4ef3d45f44f9', 1, 0, 0, 0, NULL, NULL, NULL, '2021-12-13 07:15:14', '2021-12-13 07:15:14')
,('d55a3564-1e47-448b-9aa5-ba32e37b75df', '6840', '03ce37e2-0c66-4b43-8251-4ef3d45f44f9', 1, 0, 0, 0, NULL, NULL, NULL, '2021-12-13 07:15:14', '2021-12-13 07:15:14')
,('02f148c2-598c-4a5d-a158-b1da5e2754e0', '6900', 'ad479102-b306-4960-8a94-810ffeceb91d', 1, 0, 1, 0, NULL, NULL, NULL, '2021-12-13 07:15:14', '2021-12-13 07:15:14')
,('1c72bac1-0ae2-4296-acf8-d63dd1457518', '6910', '02f148c2-598c-4a5d-a158-b1da5e2754e0', 1, 0, 1, 0, NULL, NULL, NULL, '2021-12-13 07:15:14', '2021-12-13 07:15:14')
,('34c1602c-823c-4a0b-9eb1-7fb0225a6d2b', '6920', '02f148c2-598c-4a5d-a158-b1da5e2754e0', 1, 0, 0, 0, NULL, NULL, NULL, '2021-12-13 07:15:14', '2021-12-13 07:15:14')
,('3f5f0123-ec00-4cd7-87fd-406bf335d4c6', '6930', '02f148c2-598c-4a5d-a158-b1da5e2754e0', 1, 0, 0, 0, NULL, NULL, NULL, '2021-12-13 07:15:14', '2021-12-13 07:15:14')
,('f7482a11-74dd-4f4c-80fc-711cf0aa4cc1', '7100', 'ad479102-b306-4960-8a94-810ffeceb91d', 1, 0, 1, 0, NULL, NULL, NULL, '2021-12-13 07:15:14', '2021-12-13 07:15:14')
,('35bc26bb-1221-4f68-a1ef-749fffa9321b', '7110', 'f7482a11-74dd-4f4c-80fc-711cf0aa4cc1', 1, 0, 0, 0, NULL, NULL, NULL, '2021-12-13 07:15:14', '2021-12-13 07:15:14')
,('9bd379fe-ac38-4894-80c7-6343b586d9a6', '7120', 'f7482a11-74dd-4f4c-80fc-711cf0aa4cc1', 1, 0, 0, 0, NULL, NULL, NULL, '2021-12-13 07:15:14', '2021-12-13 07:15:14')
;
-- Table
INSERT INTO `ledger_balances` (`id`, `ledgerUuid`, `domainUuid`, `currency`, `balance`, `created_at`, `updated_at`) VALUES
(1, '9bd379fe-ac38-4894-80c7-6343b586d9a6', 'dc93f99f-49b4-4e6b-87d2-1e3c3941d6ff', 'CAD', '-1579.89', '2021-12-13 07:15:14', '2021-12-13 07:15:17')
,(2, 'b8032167-325b-4c82-8135-f648f6314690', 'dc93f99f-49b4-4e6b-87d2-1e3c3941d6ff', 'CAD', '1264.51', '2021-12-13 07:15:14', '2021-12-13 07:15:17')
,(3, 'ed962b29-c652-4dc5-b7c0-820495385409', 'dc93f99f-49b4-4e6b-87d2-1e3c3941d6ff', 'CAD', '-1127.05', '2021-12-13 07:15:14', '2021-12-13 07:15:18')
,(4, '4443c352-d8c9-4f70-865e-0f3e6673b038', 'dc93f99f-49b4-4e6b-87d2-1e3c3941d6ff', 'CAD', '1386.57', '2021-12-13 07:15:14', '2021-12-13 07:15:18')
,(5, 'ea82a099-34bf-45a5-bc6c-d7e12ec0c3e0', 'dc93f99f-49b4-4e6b-87d2-1e3c3941d6ff', 'CAD', '-471.06', '2021-12-13 07:15:14', '2021-12-13 07:15:17')
,(6, 'd07915ce-39f2-48aa-97b0-a5be5ef886a2', 'dc93f99f-49b4-4e6b-87d2-1e3c3941d6ff', 'CAD', '-1106.10', '2021-12-13 07:15:14', '2021-12-13 07:15:18')
,(7, '3d34952f-1aa1-40fb-94fc-e66685731208', 'dc93f99f-49b4-4e6b-87d2-1e3c3941d6ff', 'CAD', '1801.70', '2021-12-13 07:15:15', '2021-12-13 07:15:18')
,(8, '64c8d9af-36be-4705-9120-eac8ad4a1d25', 'dc93f99f-49b4-4e6b-87d2-1e3c3941d6ff', 'CAD', '-1372.27', '2021-12-13 07:15:15', '2021-12-13 07:15:17')
,(9, '8e36cada-5846-4eec-b040-ff544339a1a8', 'dc93f99f-49b4-4e6b-87d2-1e3c3941d6ff', 'CAD', '399.39', '2021-12-13 07:15:15', '2021-12-13 07:15:16')
,(10, 'd55a3564-1e47-448b-9aa5-ba32e37b75df', 'dc93f99f-49b4-4e6b-87d2-1e3c3941d6ff', 'CAD', '-778.87', '2021-12-13 07:15:15', '2021-12-13 07:15:17')
,(11, 'e01712af-7488-4437-98b0-d09ea1d8e2af', 'dc93f99f-49b4-4e6b-87d2-1e3c3941d6ff', 'CAD', '-1208.52', '2021-12-13 07:15:15', '2021-12-13 07:15:16')
,(12, '44e34238-4906-469b-bab6-cb1edf9e1f31', 'dc93f99f-49b4-4e6b-87d2-1e3c3941d6ff', 'CAD', '1022.53', '2021-12-13 07:15:15', '2021-12-13 07:15:16')
,(13, '02c41480-fc30-46f2-b1f7-cea628b10a7c', 'dc93f99f-49b4-4e6b-87d2-1e3c3941d6ff', 'CAD', '-340.47', '2021-12-13 07:15:15', '2021-12-13 07:15:15')
,(14, '7b4e79e4-a4f8-44cd-a43e-fbc456407194', 'dc93f99f-49b4-4e6b-87d2-1e3c3941d6ff', 'CAD', '1185.81', '2021-12-13 07:15:15', '2021-12-13 07:15:17')
,(15, 'ca6b61b8-266a-46c2-b312-a5f4dc9efbe5', 'dc93f99f-49b4-4e6b-87d2-1e3c3941d6ff', 'CAD', '197.60', '2021-12-13 07:15:15', '2021-12-13 07:15:17')
,(16, 'c7c1eb0a-d7a7-4be0-b778-dbac358514df', 'dc93f99f-49b4-4e6b-87d2-1e3c3941d6ff', 'CAD', '1477.98', '2021-12-13 07:15:15', '2021-12-13 07:15:17')
,(17, '7fc143f7-f855-4d01-8cc7-6b0686da737f', 'dc93f99f-49b4-4e6b-87d2-1e3c3941d6ff', 'CAD', '-601.95', '2021-12-13 07:15:15', '2021-12-13 07:15:18')
,(18, '624181cd-d2ff-4e64-8b0f-b0379bc8aaa1', 'dc93f99f-49b4-4e6b-87d2-1e3c3941d6ff', 'CAD', '1422.40', '2021-12-13 07:15:15', '2021-12-13 07:15:18')
,(19, 'ba625758-a326-45ab-a11b-c5b96a47ccf7', 'dc93f99f-49b4-4e6b-87d2-1e3c3941d6ff', 'CAD', '-884.84', '2021-12-13 07:15:15', '2021-12-13 07:15:18')
,(20, '46552416-6d80-4d20-97fe-5d9579447ce6', 'dc93f99f-49b4-4e6b-87d2-1e3c3941d6ff', 'CAD', '230.00', '2021-12-13 07:15:15', '2021-12-13 07:15:18')
,(21, '3fe854c2-bc36-4f20-9c95-d41406fd9787', 'dc93f99f-49b4-4e6b-87d2-1e3c3941d6ff', 'CAD', '1176.92', '2021-12-13 07:15:15', '2021-12-13 07:15:17')
,(22, '8c25feff-244a-4d71-9da7-04c932050f20', 'dc93f99f-49b4-4e6b-87d2-1e3c3941d6ff', 'CAD', '-279.32', '2021-12-13 07:15:15', '2021-12-13 07:15:15')
,(23, 'ed80735b-2925-4db2-bbda-9110c7098a39', 'dc93f99f-49b4-4e6b-87d2-1e3c3941d6ff', 'CAD', '-922.01', '2021-12-13 07:15:15', '2021-12-13 07:15:17')
,(24, '77660ca9-a55a-430a-b649-fc4a7c7ad733', 'dc93f99f-49b4-4e6b-87d2-1e3c3941d6ff', 'CAD', '1275.14', '2021-12-13 07:15:15', '2021-12-13 07:15:17')
,(25, '71e818a7-b38a-464a-9cba-8fc92e2445f1', 'dc93f99f-49b4-4e6b-87d2-1e3c3941d6ff', 'CAD', '-433.70', '2021-12-13 07:15:15', '2021-12-13 07:15:16')
,(26, '86c6642c-82c0-41e3-b654-e2e14e894c10', 'dc93f99f-49b4-4e6b-87d2-1e3c3941d6ff', 'CAD', '330.26', '2021-12-13 07:15:15', '2021-12-13 07:15:16')
,(27, '93c57e08-badd-4e93-9f2d-165f32c762db', 'dc93f99f-49b4-4e6b-87d2-1e3c3941d6ff', 'CAD', '-711.75', '2021-12-13 07:15:15', '2021-12-13 07:15:17')
,(28, 'e1061a2e-581d-4c1a-8862-f979b20d757a', 'dc93f99f-49b4-4e6b-87d2-1e3c3941d6ff', 'CAD', '1385.44', '2021-12-13 07:15:15', '2021-12-13 07:15:17')
,(29, '7dced02b-e114-497e-8ca7-fe1f7ea83d9c', 'dc93f99f-49b4-4e6b-87d2-1e3c3941d6ff', 'CAD', '250.29', '2021-12-13 07:15:15', '2021-12-13 07:15:17')
,(30, 'd7362379-512a-4eab-8696-5373fbecb1f6', 'dc93f99f-49b4-4e6b-87d2-1e3c3941d6ff', 'CAD', '-1544.37', '2021-12-13 07:15:15', '2021-12-13 07:15:17')
,(31, '67306867-6273-40b4-b85b-ea3bf4eb4ca0', 'dc93f99f-49b4-4e6b-87d2-1e3c3941d6ff', 'CAD', '82.29', '2021-12-13 07:15:15', '2021-12-13 07:15:18')
,(32, '1f88c444-c8b7-4419-b46f-e026e37210ef', 'dc93f99f-49b4-4e6b-87d2-1e3c3941d6ff', 'CAD', '54.24', '2021-12-13 07:15:15', '2021-12-13 07:15:15')
,(33, 'cc59f696-5f57-463e-9a00-dc85740f77fd', 'dc93f99f-49b4-4e6b-87d2-1e3c3941d6ff', 'CAD', '741.62', '2021-12-13 07:15:15', '2021-12-13 07:15:17')
,(34, '8bad9c04-b816-4638-a23d-b70f0fe54582', 'dc93f99f-49b4-4e6b-87d2-1e3c3941d6ff', 'CAD', '-981.67', '2021-12-13 07:15:15', '2021-12-13 07:15:18')
,(35, 'aa55814e-1083-4dae-8660-6573d213dde1', 'dc93f99f-49b4-4e6b-87d2-1e3c3941d6ff', 'CAD', '599.04', '2021-12-13 07:15:15', '2021-12-13 07:15:18')
,(36, '92071017-41c5-4983-84de-5b6abd40c692', 'dc93f99f-49b4-4e6b-87d2-1e3c3941d6ff', 'CAD', '-492.91', '2021-12-13 07:15:15', '2021-12-13 07:15:15')
,(37, '6ecb2042-c47d-4bd1-a09d-361e993f337e', 'dc93f99f-49b4-4e6b-87d2-1e3c3941d6ff', 'CAD', '-295.21', '2021-12-13 07:15:15', '2021-12-13 07:15:17')
,(38, 'a7a26448-171a-4fa7-b330-f4188744f153', 'dc93f99f-49b4-4e6b-87d2-1e3c3941d6ff', 'CAD', '-51.28', '2021-12-13 07:15:15', '2021-12-13 07:15:18')
,(39, 'e4229b27-3321-4193-a8b0-9d450cf7fb2c', 'dc93f99f-49b4-4e6b-87d2-1e3c3941d6ff', 'CAD', '-800.41', '2021-12-13 07:15:15', '2021-12-13 07:15:17')
,(40, '8cd538d4-1110-48e5-921d-d3c72a5c96fd', 'dc93f99f-49b4-4e6b-87d2-1e3c3941d6ff', 'CAD', '217.66', '2021-12-13 07:15:15', '2021-12-13 07:15:17')
,(41, '5459700f-4aa5-4961-ade7-49b7a1868c55', 'dc93f99f-49b4-4e6b-87d2-1e3c3941d6ff', 'CAD', '-1083.41', '2021-12-13 07:15:15', '2021-12-13 07:15:17')
,(42, '729134b6-0868-49c9-a7c1-e04a5abd1b62', 'dc93f99f-49b4-4e6b-87d2-1e3c3941d6ff', 'CAD', '344.41', '2021-12-13 07:15:15', '2021-12-13 07:15:17')
,(43, '94930592-425c-48f6-8a4c-69fd0eb40f14', 'dc93f99f-49b4-4e6b-87d2-1e3c3941d6ff', 'CAD', '828.61', '2021-12-13 07:15:15', '2021-12-13 07:15:18')
,(44, '64fbbeee-9395-463f-b8e5-0dcf039eefb3', 'dc93f99f-49b4-4e6b-87d2-1e3c3941d6ff', 'CAD', '-1052.47', '2021-12-13 07:15:15', '2021-12-13 07:15:18')
,(45, 'e17c84dc-4ace-4a94-9572-c304034052c1', 'dc93f99f-49b4-4e6b-87d2-1e3c3941d6ff', 'CAD', '-1253.52', '2021-12-13 07:15:15', '2021-12-13 07:15:18')
,(46, 'b083574e-b97e-44c2-9d6e-4b0703987d3f', 'dc93f99f-49b4-4e6b-87d2-1e3c3941d6ff', 'CAD', '-137.86', '2021-12-13 07:15:15', '2021-12-13 07:15:17')
,(47, '9ea8c206-5824-4eb4-8297-4d3ff583702f', 'dc93f99f-49b4-4e6b-87d2-1e3c3941d6ff', 'CAD', '-1094.37', '2021-12-13 07:15:15', '2021-12-13 07:15:17')
,(48, '81d4373b-52ea-4014-b85d-f9086baa6c32', 'dc93f99f-49b4-4e6b-87d2-1e3c3941d6ff', 'CAD', '421.33', '2021-12-13 07:15:15', '2021-12-13 07:15:17')
,(49, 'f0b5d2af-5176-4053-9c2b-fabda6e7ce18', 'dc93f99f-49b4-4e6b-87d2-1e3c3941d6ff', 'CAD', '1299.24', '2021-12-13 07:15:15', '2021-12-13 07:15:17')
,(50, '3685432b-1124-4cf0-b45b-7a477e64e42b', 'dc93f99f-49b4-4e6b-87d2-1e3c3941d6ff', 'CAD', '-403.39', '2021-12-13 07:15:15', '2021-12-13 07:15:15')
,(51, '3acc2d70-0f12-4474-b8ee-2c021579a892', 'dc93f99f-49b4-4e6b-87d2-1e3c3941d6ff', 'CAD', '815.67', '2021-12-13 07:15:15', '2021-12-13 07:15:18')
,(52, '94ee9597-8acb-4cb6-bdc0-e72c8f035a48', 'dc93f99f-49b4-4e6b-87d2-1e3c3941d6ff', 'CAD', '183.91', '2021-12-13 07:15:15', '2021-12-13 07:15:17')
,(53, '4b4e85af-0754-465b-8779-88343a0e68d7', 'dc93f99f-49b4-4e6b-87d2-1e3c3941d6ff', 'CAD', '44.01', '2021-12-13 07:15:15', '2021-12-13 07:15:17')
,(54, '4bc5b915-52dd-4837-b076-f540e74b0eea', 'dc93f99f-49b4-4e6b-87d2-1e3c3941d6ff', 'CAD', '-696.23', '2021-12-13 07:15:15', '2021-12-13 07:15:18')
,(55, 'f910b0d6-6c43-40f4-88fe-179e351b174a', 'dc93f99f-49b4-4e6b-87d2-1e3c3941d6ff', 'CAD', '680.53', '2021-12-13 07:15:15', '2021-12-13 07:15:17')
,(56, '5bfcbaca-45a0-4bac-a842-f80a5def72b9', 'dc93f99f-49b4-4e6b-87d2-1e3c3941d6ff', 'CAD', '-498.30', '2021-12-13 07:15:15', '2021-12-13 07:15:16')
,(57, 'f3c95457-bfa1-44be-b6ff-82ccee4f0aec', 'dc93f99f-49b4-4e6b-87d2-1e3c3941d6ff', 'CAD', '-871.74', '2021-12-13 07:15:15', '2021-12-13 07:15:17')
,(58, '279e7bf3-8652-4d12-b573-9bd33ddc023a', 'dc93f99f-49b4-4e6b-87d2-1e3c3941d6ff', 'CAD', '879.11', '2021-12-13 07:15:15', '2021-12-13 07:15:17')
,(59, '35bc26bb-1221-4f68-a1ef-749fffa9321b', 'dc93f99f-49b4-4e6b-87d2-1e3c3941d6ff', 'CAD', '157.58', '2021-12-13 07:15:15', '2021-12-13 07:15:18')
,(60, '34c1602c-823c-4a0b-9eb1-7fb0225a6d2b', 'dc93f99f-49b4-4e6b-87d2-1e3c3941d6ff', 'CAD', '-612.22', '2021-12-13 07:15:15', '2021-12-13 07:15:17')
,(61, '2de16912-8f4b-458e-afdd-034483a39507', 'dc93f99f-49b4-4e6b-87d2-1e3c3941d6ff', 'CAD', '901.66', '2021-12-13 07:15:15', '2021-12-13 07:15:17')
,(62, 'c9294bd1-4059-4c61-8b07-ff0beb1817d7', 'dc93f99f-49b4-4e6b-87d2-1e3c3941d6ff', 'CAD', '39.19', '2021-12-13 07:15:15', '2021-12-13 07:15:17')
,(63, '279d7a02-d98f-495a-aff9-cf2490d36027', 'dc93f99f-49b4-4e6b-87d2-1e3c3941d6ff', 'CAD', '-1850.66', '2021-12-13 07:15:15', '2021-12-13 07:15:17')
,(64, '9f24f045-da99-411b-b991-a8b8e9c1bad6', 'dc93f99f-49b4-4e6b-87d2-1e3c3941d6ff', 'CAD', '-13.26', '2021-12-13 07:15:15', '2021-12-13 07:15:17')
,(65, '914dbde9-0e93-4d7b-b54c-e7367c1456bd', 'dc93f99f-49b4-4e6b-87d2-1e3c3941d6ff', 'CAD', '-1789.81', '2021-12-13 07:15:15', '2021-12-13 07:15:18')
,(66, 'fe6e6904-e811-4d6f-a5e2-51b5c36054ba', 'dc93f99f-49b4-4e6b-87d2-1e3c3941d6ff', 'CAD', '1119.87', '2021-12-13 07:15:15', '2021-12-13 07:15:17')
,(67, 'dee567a9-4666-4add-88db-8b1c4900842f', 'dc93f99f-49b4-4e6b-87d2-1e3c3941d6ff', 'CAD', '976.62', '2021-12-13 07:15:15', '2021-12-13 07:15:17')
,(68, 'ca469ed4-2cfa-4a67-a4f2-924c859751fe', 'dc93f99f-49b4-4e6b-87d2-1e3c3941d6ff', 'CAD', '-385.78', '2021-12-13 07:15:16', '2021-12-13 07:15:17')
,(69, '0f57b4fa-42a5-4636-88b5-3eb110764223', 'dc93f99f-49b4-4e6b-87d2-1e3c3941d6ff', 'CAD', '1253.76', '2021-12-13 07:15:16', '2021-12-13 07:15:17')
,(70, 'd30c8306-2330-4319-9f15-34520162f510', 'dc93f99f-49b4-4e6b-87d2-1e3c3941d6ff', 'CAD', '-21.30', '2021-12-13 07:15:16', '2021-12-13 07:15:18')
,(71, '69aa0b2f-c586-4a97-8dba-c9b30821b50b', 'dc93f99f-49b4-4e6b-87d2-1e3c3941d6ff', 'CAD', '1273.11', '2021-12-13 07:15:16', '2021-12-13 07:15:17')
,(72, 'bafe2045-34ce-4b12-80b0-c4597359363e', 'dc93f99f-49b4-4e6b-87d2-1e3c3941d6ff', 'CAD', '-948.02', '2021-12-13 07:15:16', '2021-12-13 07:15:17')
,(73, '36dcb5a4-3476-4c3b-8e79-7531a22af18c', 'dc93f99f-49b4-4e6b-87d2-1e3c3941d6ff', 'CAD', '-173.11', '2021-12-13 07:15:16', '2021-12-13 07:15:16')
,(74, '4b50ec98-afef-4d79-8451-67b21772009b', 'dc93f99f-49b4-4e6b-87d2-1e3c3941d6ff', 'CAD', '1440.64', '2021-12-13 07:15:16', '2021-12-13 07:15:17')
,(75, '12ba783a-39e6-405e-a174-8d56ccb6a6df', 'dc93f99f-49b4-4e6b-87d2-1e3c3941d6ff', 'CAD', '233.05', '2021-12-13 07:15:16', '2021-12-13 07:15:18')
,(76, '91d7941d-423b-4d34-bd40-eea6e0dc6557', 'dc93f99f-49b4-4e6b-87d2-1e3c3941d6ff', 'CAD', '-1223.83', '2021-12-13 07:15:16', '2021-12-13 07:15:16')
,(77, '9dd23bd0-62eb-4d06-95e8-4f465b74deff', 'dc93f99f-49b4-4e6b-87d2-1e3c3941d6ff', 'CAD', '813.88', '2021-12-13 07:15:16', '2021-12-13 07:15:17')
,(78, 'ef44f017-5e51-4ac2-8f41-84de1ee133ec', 'dc93f99f-49b4-4e6b-87d2-1e3c3941d6ff', 'CAD', '-734.24', '2021-12-13 07:15:16', '2021-12-13 07:15:18')
,(79, '7f6579ee-1dc8-45b7-a0ac-4e83c69292ab', 'dc93f99f-49b4-4e6b-87d2-1e3c3941d6ff', 'CAD', '-873.18', '2021-12-13 07:15:16', '2021-12-13 07:15:17')
,(80, '7b3403c0-b2a8-491d-b05c-cdb526a298ef', 'dc93f99f-49b4-4e6b-87d2-1e3c3941d6ff', 'CAD', '805.03', '2021-12-13 07:15:16', '2021-12-13 07:15:18')
,(81, 'f8fff228-51f4-490f-acbf-8dd6df3e6b3b', 'dc93f99f-49b4-4e6b-87d2-1e3c3941d6ff', 'CAD', '557.45', '2021-12-13 07:15:16', '2021-12-13 07:15:17')
,(82, 'd69a9486-d5dd-4073-9c19-0103a6348702', 'dc93f99f-49b4-4e6b-87d2-1e3c3941d6ff', 'CAD', '392.68', '2021-12-13 07:15:16', '2021-12-13 07:15:16')
,(83, '9ae74eb4-f34d-4cff-ab14-f7b44439b4ec', 'dc93f99f-49b4-4e6b-87d2-1e3c3941d6ff', 'CAD', '1123.01', '2021-12-13 07:15:16', '2021-12-13 07:15:18')
,(84, '480e9f2e-34ff-4c2c-ae05-83031b24f29a', 'dc93f99f-49b4-4e6b-87d2-1e3c3941d6ff', 'CAD', '-803.82', '2021-12-13 07:15:16', '2021-12-13 07:15:18')
,(85, 'c481a3f4-1c67-4226-a790-a1217eb37681', 'dc93f99f-49b4-4e6b-87d2-1e3c3941d6ff', 'CAD', '-577.52', '2021-12-13 07:15:16', '2021-12-13 07:15:16')
,(86, '9e8e5933-d073-4c3b-9b10-e4c37a492b50', 'dc93f99f-49b4-4e6b-87d2-1e3c3941d6ff', 'CAD', '-493.42', '2021-12-13 07:15:16', '2021-12-13 07:15:17')
,(87, '3dfdfa05-13e4-4927-8b82-e71c8b0cdf18', 'dc93f99f-49b4-4e6b-87d2-1e3c3941d6ff', 'CAD', '-672.46', '2021-12-13 07:15:16', '2021-12-13 07:15:18')
,(88, 'bb53f4e6-6571-4e89-bb35-02f4be5aa7fa', 'dc93f99f-49b4-4e6b-87d2-1e3c3941d6ff', 'CAD', '-929.00', '2021-12-13 07:15:16', '2021-12-13 07:15:16')
,(89, '83654445-35a2-4d5b-afec-5446f56bd0b2', 'dc93f99f-49b4-4e6b-87d2-1e3c3941d6ff', 'CAD', '-112.63', '2021-12-13 07:15:16', '2021-12-13 07:15:17')
,(90, 'a8f39b26-ff1c-4bfe-a054-7f67d06a7bc3', 'dc93f99f-49b4-4e6b-87d2-1e3c3941d6ff', 'CAD', '223.68', '2021-12-13 07:15:16', '2021-12-13 07:15:18')
,(91, '5eb6b54f-6b48-43cd-8f2f-09f4494708c0', 'dc93f99f-49b4-4e6b-87d2-1e3c3941d6ff', 'CAD', '302.72', '2021-12-13 07:15:16', '2021-12-13 07:15:17')
,(92, 'e7a1b25e-2455-4dfc-b61c-52389cbe8761', 'dc93f99f-49b4-4e6b-87d2-1e3c3941d6ff', 'CAD', '-870.36', '2021-12-13 07:15:16', '2021-12-13 07:15:17')
,(93, '3f006a53-d104-49b0-a04e-835087a69f17', 'dc93f99f-49b4-4e6b-87d2-1e3c3941d6ff', 'CAD', '-550.84', '2021-12-13 07:15:16', '2021-12-13 07:15:16')
,(94, '63b39959-2c8a-421d-ae54-978e12ef6486', 'dc93f99f-49b4-4e6b-87d2-1e3c3941d6ff', 'CAD', '366.53', '2021-12-13 07:15:16', '2021-12-13 07:15:17')
,(95, '87eff36b-84bb-4dfc-8736-50c9793174b5', 'dc93f99f-49b4-4e6b-87d2-1e3c3941d6ff', 'CAD', '351.57', '2021-12-13 07:15:16', '2021-12-13 07:15:17')
,(96, 'ccaaab85-02ce-49fc-855c-53b0a4ac2eae', 'dc93f99f-49b4-4e6b-87d2-1e3c3941d6ff', 'CAD', '608.04', '2021-12-13 07:15:16', '2021-12-13 07:15:16')
,(97, 'a50c7ec6-08f1-4736-bdb5-66150335c8d0', 'dc93f99f-49b4-4e6b-87d2-1e3c3941d6ff', 'CAD', '-215.06', '2021-12-13 07:15:16', '2021-12-13 07:15:16')
,(98, 'adc77ef5-da8c-4c9c-bd74-523506bc21cc', 'dc93f99f-49b4-4e6b-87d2-1e3c3941d6ff', 'CAD', '1015.88', '2021-12-13 07:15:16', '2021-12-13 07:15:16')
,(99, 'e63f1b04-18da-40f3-b1c2-2b44176fa3e4', 'dc93f99f-49b4-4e6b-87d2-1e3c3941d6ff', 'CAD', '1165.28', '2021-12-13 07:15:16', '2021-12-13 07:15:18')
,(100, 'a3fad642-1d77-4661-8032-161df8348045', 'dc93f99f-49b4-4e6b-87d2-1e3c3941d6ff', 'CAD', '-371.72', '2021-12-13 07:15:16', '2021-12-13 07:15:18')
,(101, 'ca4a0609-8266-4d8b-a9a5-2559cd80c74a', 'dc93f99f-49b4-4e6b-87d2-1e3c3941d6ff', 'CAD', '-754.02', '2021-12-13 07:15:16', '2021-12-13 07:15:17')
,(102, '9d965644-f0e6-4e33-9770-8cc52b5bee96', 'dc93f99f-49b4-4e6b-87d2-1e3c3941d6ff', 'CAD', '215.76', '2021-12-13 07:15:16', '2021-12-13 07:15:16')
,(103, 'ed0c24d2-bf89-4107-a438-7080d8d93d3f', 'dc93f99f-49b4-4e6b-87d2-1e3c3941d6ff', 'CAD', '-164.07', '2021-12-13 07:15:16', '2021-12-13 07:15:17')
,(104, '3f5f0123-ec00-4cd7-87fd-406bf335d4c6', 'dc93f99f-49b4-4e6b-87d2-1e3c3941d6ff', 'CAD', '117.56', '2021-12-13 07:15:16', '2021-12-13 07:15:16')
,(105, '558b4568-c72e-4111-8ef1-8cdef52fb448', 'dc93f99f-49b4-4e6b-87d2-1e3c3941d6ff', 'CAD', '1637.55', '2021-12-13 07:15:16', '2021-12-13 07:15:17')
,(106, 'd19b3ea1-82d9-4b99-a7df-757d05fb5fdb', 'dc93f99f-49b4-4e6b-87d2-1e3c3941d6ff', 'CAD', '-669.48', '2021-12-13 07:15:16', '2021-12-13 07:15:16')
,(107, '2c2b153b-cbbc-44f5-926a-a1ff85df15a9', 'dc93f99f-49b4-4e6b-87d2-1e3c3941d6ff', 'CAD', '389.58', '2021-12-13 07:15:16', '2021-12-13 07:15:18')
,(108, '0e54b672-372e-45bb-bcc1-5d3be472daa1', 'dc93f99f-49b4-4e6b-87d2-1e3c3941d6ff', 'CAD', '-258.15', '2021-12-13 07:15:16', '2021-12-13 07:15:16')
,(109, '7d2cfe98-0c10-410c-841e-1bd132b678c0', 'dc93f99f-49b4-4e6b-87d2-1e3c3941d6ff', 'CAD', '-1337.41', '2021-12-13 07:15:16', '2021-12-13 07:15:18')
,(110, '5275c1a3-e424-414b-9a81-1d6bf8a528bd', 'dc93f99f-49b4-4e6b-87d2-1e3c3941d6ff', 'CAD', '1131.85', '2021-12-13 07:15:16', '2021-12-13 07:15:17')
,(111, 'ff349a73-ea06-4d46-8f8d-1593ddab22d7', 'dc93f99f-49b4-4e6b-87d2-1e3c3941d6ff', 'CAD', '226.29', '2021-12-13 07:15:16', '2021-12-13 07:15:18')
,(112, '854aa856-bb41-46bf-a17e-829766619966', 'dc93f99f-49b4-4e6b-87d2-1e3c3941d6ff', 'CAD', '-357.72', '2021-12-13 07:15:16', '2021-12-13 07:15:16')
;
-- Table
INSERT INTO `ledger_currencies` (`code`, `decimals`, `revision`, `created_at`, `updated_at`) VALUES
('CAD', 2, NULL, '2021-12-13 07:15:12', '2021-12-13 07:15:12')
,('ZZZ', 4, NULL, '2021-12-13 07:15:12', '2021-12-13 07:15:12')
;
-- Table
INSERT INTO `ledger_domains` (`domainUuid`, `code`, `extra`, `flex`, `currencyDefault`, `subJournals`, `revision`, `created_at`, `updated_at`) VALUES
('dc93f99f-49b4-4e6b-87d2-1e3c3941d6ff', 'CORP', NULL, NULL, 'CAD', 0, NULL, '2021-12-13 07:15:12', '2021-12-13 07:15:12')
;
-- Table
INSERT INTO `ledger_names` (`id`, `ownerUuid`, `language`, `name`, `created_at`, `updated_at`) VALUES
(1, 'dc93f99f-49b4-4e6b-87d2-1e3c3941d6ff', 'en-CA', 'Random Transactions Inc.', '2021-12-13 07:15:12', '2021-12-13 07:15:12')
,(2, 'dc93f99f-49b4-4e6b-87d2-1e3c3941d6ff', 'fr-CA', 'Transactions alatoires inc.', '2021-12-13 07:15:12', '2021-12-13 07:15:12')
,(3, 'c0b81764-505f-4bef-b579-3f37bdd5c082', 'en-CA', 'General Ledger Test', '2021-12-13 07:15:13', '2021-12-13 07:15:13')
,(4, 'c0b81764-505f-4bef-b579-3f37bdd5c082', 'fr-CA', 'Tester le grand livre', '2021-12-13 07:15:13', '2021-12-13 07:15:13')
,(5, 'e8a09512-8a31-423c-a65d-c1de25871cd1', 'en', 'Assets', '2021-12-13 07:15:13', '2021-12-13 07:15:13')
,(6, 'c9e7d706-ffc4-4895-b619-b06e257a7fa2', 'en', 'Current Assets', '2021-12-13 07:15:13', '2021-12-13 07:15:13')
,(7, 'a4eeaef1-2152-4f71-aa92-9b9a7dd32a43', 'en', 'Cash and cash equivalents', '2021-12-13 07:15:13', '2021-12-13 07:15:13')
,(8, '3fe854c2-bc36-4f20-9c95-d41406fd9787', 'en', 'Bank checking', '2021-12-13 07:15:13', '2021-12-13 07:15:13')
,(9, '3fe854c2-bc36-4f20-9c95-d41406fd9787', 'en-CA', 'Bank chequing', '2021-12-13 07:15:13', '2021-12-13 07:15:13')
,(10, '2c2b153b-cbbc-44f5-926a-a1ff85df15a9', 'en', 'Bank savings', '2021-12-13 07:15:13', '2021-12-13 07:15:13')
,(11, 'adc77ef5-da8c-4c9c-bd74-523506bc21cc', 'en', 'Online savings', '2021-12-13 07:15:13', '2021-12-13 07:15:13')
,(12, '12ba783a-39e6-405e-a174-8d56ccb6a6df', 'en', 'Petty cash', '2021-12-13 07:15:13', '2021-12-13 07:15:13')
,(13, 'ff349a73-ea06-4d46-8f8d-1593ddab22d7', 'en', 'Credit card processor', '2021-12-13 07:15:13', '2021-12-13 07:15:13')
,(14, '498e5379-18c6-4d44-95ad-e5dced87a76d', 'en', 'Short term marketable securities', '2021-12-13 07:15:13', '2021-12-13 07:15:13')
,(15, 'f8fff228-51f4-490f-acbf-8dd6df3e6b3b', 'en', 'Bonds', '2021-12-13 07:15:13', '2021-12-13 07:15:13')
,(16, 'b8933020-0a92-46ea-884e-36692c9c9b8e', 'en', 'Accounts receivable', '2021-12-13 07:15:13', '2021-12-13 07:15:13')
,(17, '9ae74eb4-f34d-4cff-ab14-f7b44439b4ec', 'en', 'Current accounts receivable', '2021-12-13 07:15:13', '2021-12-13 07:15:13')
,(18, 'a3fad642-1d77-4661-8032-161df8348045', 'en', 'Allowance for doubtful debts', '2021-12-13 07:15:13', '2021-12-13 07:15:13')
,(19, '1f7b1976-8e74-498b-9009-af24968b994b', 'en', 'Inventory', '2021-12-13 07:15:13', '2021-12-13 07:15:13')
,(20, '8cd538d4-1110-48e5-921d-d3c72a5c96fd', 'en', 'Raw materials', '2021-12-13 07:15:13', '2021-12-13 07:15:13')
,(21, 'ccaaab85-02ce-49fc-855c-53b0a4ac2eae', 'en', 'Work in progress', '2021-12-13 07:15:13', '2021-12-13 07:15:13')
,(22, '480e9f2e-34ff-4c2c-ae05-83031b24f29a', 'en', 'Finished goods', '2021-12-13 07:15:13', '2021-12-13 07:15:13')
,(23, '8129bad7-f025-47b0-87a7-d2eb1da8da6a', 'en', 'Other receivables', '2021-12-13 07:15:13', '2021-12-13 07:15:13')
,(24, 'e01712af-7488-4437-98b0-d09ea1d8e2af', 'en', 'Prepayments', '2021-12-13 07:15:13', '2021-12-13 07:15:13')
,(25, 'b9db0e8d-63e2-4950-b551-3db1bb413ced', 'en', 'Long term assets', '2021-12-13 07:15:13', '2021-12-13 07:15:13')
,(26, 'f910b0d6-6c43-40f4-88fe-179e351b174a', 'en', 'Long term marketable securities', '2021-12-13 07:15:13', '2021-12-13 07:15:13')
,(27, '74d5e0dd-75dc-4cc8-8e2a-81c4816d5a66', 'en', 'Property, plant and equipment', '2021-12-13 07:15:13', '2021-12-13 07:15:13')
,(28, '91d7941d-423b-4d34-bd40-eea6e0dc6557', 'en', 'Property Depreciation', '2021-12-13 07:15:13', '2021-12-13 07:15:13')
,(29, 'ed0c24d2-bf89-4107-a438-7080d8d93d3f', 'en', 'Plant', '2021-12-13 07:15:13', '2021-12-13 07:15:13')
,(30, 'ba625758-a326-45ab-a11b-c5b96a47ccf7', 'en', 'Plant depreciation', '2021-12-13 07:15:13', '2021-12-13 07:15:13')
,(31, '86c6642c-82c0-41e3-b654-e2e14e894c10', 'en', 'Equipment', '2021-12-13 07:15:13', '2021-12-13 07:15:13')
,(32, '02c41480-fc30-46f2-b1f7-cea628b10a7c', 'en', 'Equipment depreciation', '2021-12-13 07:15:13', '2021-12-13 07:15:13')
,(33, '6dae03c2-9870-48a8-a519-4d8a1795373e', 'en', 'Goodwill', '2021-12-13 07:15:13', '2021-12-13 07:15:13')
,(34, '4b4e85af-0754-465b-8779-88343a0e68d7', 'en', 'Intellectual property', '2021-12-13 07:15:13', '2021-12-13 07:15:13')
,(35, 'b8032167-325b-4c82-8135-f648f6314690', 'en', 'Intellectual property amortization', '2021-12-13 07:15:13', '2021-12-13 07:15:13')
,(36, '914dbde9-0e93-4d7b-b54c-e7367c1456bd', 'en', 'Other assets', '2021-12-13 07:15:13', '2021-12-13 07:15:13')
,(37, 'e0c3abe3-a839-49c1-a2e9-cfb8c175afb6', 'en', 'Liabilities', '2021-12-13 07:15:13', '2021-12-13 07:15:13')
,(38, '81cabe1b-a95d-4ec5-8da2-b4b0ee4328ec', 'en', 'Current Liabilities', '2021-12-13 07:15:13', '2021-12-13 07:15:13')
,(39, '64fbbeee-9395-463f-b8e5-0dcf039eefb3', 'en', 'Notes payable', '2021-12-13 07:15:13', '2021-12-13 07:15:13')
,(40, 'e1061a2e-581d-4c1a-8862-f979b20d757a', 'en', 'Accounts payable', '2021-12-13 07:15:13', '2021-12-13 07:15:13')
,(41, '0851b7e5-6fe5-4b94-82c1-36527deee123', 'en', 'Other current liabilities', '2021-12-13 07:15:13', '2021-12-13 07:15:13')
,(42, '624181cd-d2ff-4e64-8b0f-b0379bc8aaa1', 'en', 'Payroll payable', '2021-12-13 07:15:13', '2021-12-13 07:15:13')
,(43, 'a7a26448-171a-4fa7-b330-f4188744f153', 'en', 'Interest payable', '2021-12-13 07:15:13', '2021-12-13 07:15:13')
,(44, '8e36cada-5846-4eec-b040-ff544339a1a8', 'en', 'Accrued expenses', '2021-12-13 07:15:13', '2021-12-13 07:15:13')
,(45, 'aa55814e-1083-4dae-8660-6573d213dde1', 'en', 'Unearned revenue', '2021-12-13 07:15:13', '2021-12-13 07:15:13')
,(46, '4b50ec98-afef-4d79-8451-67b21772009b', 'en', 'Sales Tax payable', '2021-12-13 07:15:13', '2021-12-13 07:15:13')
,(47, '71e818a7-b38a-464a-9cba-8fc92e2445f1', 'en', 'Purchase Tax payable', '2021-12-13 07:15:13', '2021-12-13 07:15:13')
,(48, '854aa856-bb41-46bf-a17e-829766619966', 'en', 'Payroll tax payable', '2021-12-13 07:15:13', '2021-12-13 07:15:13')
,(49, 'ef44f017-5e51-4ac2-8f41-84de1ee133ec', 'en', 'Income tax payable', '2021-12-13 07:15:13', '2021-12-13 07:15:13')
,(50, 'b02508bc-37e1-410d-8564-c6c0295048b5', 'en', 'Long-term liabilities', '2021-12-13 07:15:13', '2021-12-13 07:15:13')
,(51, 'ca6b61b8-266a-46c2-b312-a5f4dc9efbe5', 'en', 'Mortgage loan', '2021-12-13 07:15:13', '2021-12-13 07:15:13')
,(52, 'ca4a0609-8266-4d8b-a9a5-2559cd80c74a', 'en', 'Bonds payable', '2021-12-13 07:15:13', '2021-12-13 07:15:13')
,(53, 'aa6129ab-feb9-4693-8bde-02502736d8c4', 'en', 'Equity', '2021-12-13 07:15:13', '2021-12-13 07:15:13')
,(54, 'ea82a099-34bf-45a5-bc6c-d7e12ec0c3e0', 'en', 'Common stock', '2021-12-13 07:15:13', '2021-12-13 07:15:13')
,(55, '5eb6b54f-6b48-43cd-8f2f-09f4494708c0', 'en', 'Retained earnings', '2021-12-13 07:15:13', '2021-12-13 07:15:13')
,(56, 'dda5dd04-c6ec-4e80-bb61-65ac0b64d638', 'en', 'Income', '2021-12-13 07:15:13', '2021-12-13 07:15:13')
,(57, 'c7faa3c3-7507-4c73-882c-2c50a9aa1d40', 'en', 'Revenue', '2021-12-13 07:15:13', '2021-12-13 07:15:13')
,(58, '8bad9c04-b816-4638-a23d-b70f0fe54582', 'en', 'Sales', '2021-12-13 07:15:13', '2021-12-13 07:15:13')
,(59, '279d7a02-d98f-495a-aff9-cf2490d36027', 'en', 'Discounts allowed', '2021-12-13 07:15:13', '2021-12-13 07:15:13')
,(60, '062db9bd-6aec-4e8d-929f-ff258ffc56ba', 'en', 'Other Income', '2021-12-13 07:15:13', '2021-12-13 07:15:13')
,(61, 'bafe2045-34ce-4b12-80b0-c4597359363e', 'en', 'Gain on sale of assets', '2021-12-13 07:15:13', '2021-12-13 07:15:13')
,(62, '83654445-35a2-4d5b-afec-5446f56bd0b2', 'en', 'Interest income', '2021-12-13 07:15:13', '2021-12-13 07:15:13')
,(63, '5459700f-4aa5-4961-ade7-49b7a1868c55', 'en', 'Insurance claims', '2021-12-13 07:15:13', '2021-12-13 07:15:13')
,(64, 'f0b5d2af-5176-4053-9c2b-fabda6e7ce18', 'en', 'Rent income', '2021-12-13 07:15:13', '2021-12-13 07:15:13')
,(65, 'bb9444f1-086f-479a-af25-521cfe4658d6', 'en', 'Cost of sales', '2021-12-13 07:15:13', '2021-12-13 07:15:13')
,(66, '7d2cfe98-0c10-410c-841e-1bd132b678c0', 'en', 'Materials purchased', '2021-12-13 07:15:13', '2021-12-13 07:15:13')
,(67, '5275c1a3-e424-414b-9a81-1d6bf8a528bd', 'en', 'Packaging', '2021-12-13 07:15:13', '2021-12-13 07:15:13')
,(68, '3f006a53-d104-49b0-a04e-835087a69f17', 'en', 'Discounts taken', '2021-12-13 07:15:13', '2021-12-13 07:15:13')
,(69, 'e7a1b25e-2455-4dfc-b61c-52389cbe8761', 'en', 'Carriage', '2021-12-13 07:15:13', '2021-12-13 07:15:13')
,(70, '44e34238-4906-469b-bab6-cb1edf9e1f31', 'en', 'Import duty', '2021-12-13 07:15:13', '2021-12-13 07:15:13')
,(71, '9ea8c206-5824-4eb4-8297-4d3ff583702f', 'en', 'Transport insurance', '2021-12-13 07:15:13', '2021-12-13 07:15:13')
,(72, 'bb53f4e6-6571-4e89-bb35-02f4be5aa7fa', 'en', 'Opening inventory', '2021-12-13 07:15:13', '2021-12-13 07:15:13')
,(73, 'c9294bd1-4059-4c61-8b07-ff0beb1817d7', 'en', 'Closing inventory', '2021-12-13 07:15:13', '2021-12-13 07:15:13')
,(74, 'd69a9486-d5dd-4073-9c19-0103a6348702', 'en', 'Productive Labour', '2021-12-13 07:15:13', '2021-12-13 07:15:13')
,(75, 'ad479102-b306-4960-8a94-810ffeceb91d', 'en', 'Expenses', '2021-12-13 07:15:14', '2021-12-13 07:15:14')
,(76, '69aa0b2f-c586-4a97-8dba-c9b30821b50b', 'en', 'Research and development', '2021-12-13 07:15:14', '2021-12-13 07:15:14')
,(77, '4acd29ef-5e34-4da3-9844-68c598ae01da', 'en', 'Sales and marketing', '2021-12-13 07:15:14', '2021-12-13 07:15:14')
,(78, 'a50c7ec6-08f1-4736-bdb5-66150335c8d0', 'en', 'Sales commissions', '2021-12-13 07:15:14', '2021-12-13 07:15:14')
,(79, '0e54b672-372e-45bb-bcc1-5d3be472daa1', 'en', 'Sales promotion', '2021-12-13 07:15:14', '2021-12-13 07:15:14')
,(80, '9e8e5933-d073-4c3b-9b10-e4c37a492b50', 'en', 'Advertising', '2021-12-13 07:15:14', '2021-12-13 07:15:14')
,(81, '3dfdfa05-13e4-4927-8b82-e71c8b0cdf18', 'en', 'Gifts & samples', '2021-12-13 07:15:14', '2021-12-13 07:15:14')
,(82, 'cc59f696-5f57-463e-9a00-dc85740f77fd', 'en', 'Marketing expenses', '2021-12-13 07:15:14', '2021-12-13 07:15:14')
,(83, '551d4927-2c3a-4275-922d-1313f4d202b9', 'en', 'General and administrative', '2021-12-13 07:15:14', '2021-12-13 07:15:14')
,(84, '729134b6-0868-49c9-a7c1-e04a5abd1b62', 'en', 'Payroll', '2021-12-13 07:15:14', '2021-12-13 07:15:14')
,(85, '81d4373b-52ea-4014-b85d-f9086baa6c32', 'en', 'Payroll expenses', '2021-12-13 07:15:14', '2021-12-13 07:15:14')
,(86, '7fc143f7-f855-4d01-8cc7-6b0686da737f', 'en', 'Payroll benefits', '2021-12-13 07:15:14', '2021-12-13 07:15:14')
,(87, '9f24f045-da99-411b-b991-a8b8e9c1bad6', 'en', 'Payroll taxes', '2021-12-13 07:15:14', '2021-12-13 07:15:14')
,(88, '94930592-425c-48f6-8a4c-69fd0eb40f14', 'en', 'Pensions', '2021-12-13 07:15:14', '2021-12-13 07:15:14')
,(89, '279e7bf3-8652-4d12-b573-9bd33ddc023a', 'en', 'Recruitment expenses', '2021-12-13 07:15:14', '2021-12-13 07:15:14')
,(90, 'a8f39b26-ff1c-4bfe-a054-7f67d06a7bc3', 'en', 'Rent', '2021-12-13 07:15:14', '2021-12-13 07:15:14')
,(91, 'd7362379-512a-4eab-8696-5373fbecb1f6', 'en', 'Water', '2021-12-13 07:15:14', '2021-12-13 07:15:14')
,(92, '2de16912-8f4b-458e-afdd-034483a39507', 'en', 'Property taxes', '2021-12-13 07:15:14', '2021-12-13 07:15:14')
,(93, '3685432b-1124-4cf0-b45b-7a477e64e42b', 'en', 'Premises insurance', '2021-12-13 07:15:14', '2021-12-13 07:15:14')
,(94, '92071017-41c5-4983-84de-5b6abd40c692', 'en', 'Electricity', '2021-12-13 07:15:14', '2021-12-13 07:15:14')
,(95, 'ed80735b-2925-4db2-bbda-9110c7098a39', 'en', 'Gas', '2021-12-13 07:15:14', '2021-12-13 07:15:14')
,(96, '5bfcbaca-45a0-4bac-a842-f80a5def72b9', 'en', 'Oil', '2021-12-13 07:15:14', '2021-12-13 07:15:14')
,(97, 'd07915ce-39f2-48aa-97b0-a5be5ef886a2', 'en', 'Other heating costs', '2021-12-13 07:15:14', '2021-12-13 07:15:14')
,(98, '77660ca9-a55a-430a-b649-fc4a7c7ad733', 'en', 'Motor fuel', '2021-12-13 07:15:14', '2021-12-13 07:15:14')
,(99, 'f3c95457-bfa1-44be-b6ff-82ccee4f0aec', 'en', 'Motor repairs', '2021-12-13 07:15:14', '2021-12-13 07:15:14')
,(100, '87eff36b-84bb-4dfc-8736-50c9793174b5', 'en', 'Licenses', '2021-12-13 07:15:14', '2021-12-13 07:15:14')
,(101, 'fe6e6904-e811-4d6f-a5e2-51b5c36054ba', 'en', 'Vehicle insurance', '2021-12-13 07:15:14', '2021-12-13 07:15:14')
,(102, 'e4229b27-3321-4193-a8b0-9d450cf7fb2c', 'en', 'Miscellaneous motor', '2021-12-13 07:15:14', '2021-12-13 07:15:14')
,(103, 'd30c8306-2330-4319-9f15-34520162f510', 'en', 'Travel', '2021-12-13 07:15:14', '2021-12-13 07:15:14')
,(104, '558b4568-c72e-4111-8ef1-8cdef52fb448', 'en', 'Car Rental', '2021-12-13 07:15:14', '2021-12-13 07:15:14')
,(105, 'dee567a9-4666-4add-88db-8b1c4900842f', 'en', 'Hotels', '2021-12-13 07:15:14', '2021-12-13 07:15:14')
,(106, '7f6579ee-1dc8-45b7-a0ac-4e83c69292ab', 'en', 'Entertainment', '2021-12-13 07:15:14', '2021-12-13 07:15:14')
,(107, '36dcb5a4-3476-4c3b-8e79-7531a22af18c', 'en', 'Meals', '2021-12-13 07:15:14', '2021-12-13 07:15:14')
,(108, 'b083574e-b97e-44c2-9d6e-4b0703987d3f', 'en', 'Printing', '2021-12-13 07:15:14', '2021-12-13 07:15:14')
,(109, '3d34952f-1aa1-40fb-94fc-e66685731208', 'en', 'Postage & carriage', '2021-12-13 07:15:14', '2021-12-13 07:15:14')
,(110, '67306867-6273-40b4-b85b-ea3bf4eb4ca0', 'en', 'Telephone', '2021-12-13 07:15:14', '2021-12-13 07:15:14')
,(111, 'e63f1b04-18da-40f3-b1c2-2b44176fa3e4', 'en', 'Office stationery', '2021-12-13 07:15:14', '2021-12-13 07:15:14')
,(112, '7b3403c0-b2a8-491d-b05c-cdb526a298ef', 'en', 'Books', '2021-12-13 07:15:14', '2021-12-13 07:15:14')
,(113, '9d965644-f0e6-4e33-9770-8cc52b5bee96', 'en', 'Legal fees', '2021-12-13 07:15:14', '2021-12-13 07:15:14')
,(114, 'c7c1eb0a-d7a7-4be0-b778-dbac358514df', 'en', 'Audit & accountancy fees', '2021-12-13 07:15:14', '2021-12-13 07:15:14')
,(115, '7b4e79e4-a4f8-44cd-a43e-fbc456407194', 'en', 'Consultancy fees', '2021-12-13 07:15:14', '2021-12-13 07:15:14')
,(116, 'ca469ed4-2cfa-4a67-a4f2-924c859751fe', 'en', 'Professional fees', '2021-12-13 07:15:14', '2021-12-13 07:15:14')
,(117, '4bc5b915-52dd-4837-b076-f540e74b0eea', 'en', 'Equipment hire', '2021-12-13 07:15:14', '2021-12-13 07:15:14')
,(118, '63b39959-2c8a-421d-ae54-978e12ef6486', 'en', 'Equipment maintenance', '2021-12-13 07:15:14', '2021-12-13 07:15:14')
,(119, 'e17c84dc-4ace-4a94-9572-c304034052c1', 'en', 'Repairs & renewals', '2021-12-13 07:15:14', '2021-12-13 07:15:14')
,(120, 'ed962b29-c652-4dc5-b7c0-820495385409', 'en', 'Cleaning', '2021-12-13 07:15:14', '2021-12-13 07:15:14')
,(121, '46552416-6d80-4d20-97fe-5d9579447ce6', 'en', 'Laundry', '2021-12-13 07:15:14', '2021-12-13 07:15:14')
,(122, '0f57b4fa-42a5-4636-88b5-3eb110764223', 'en', 'Premises expenses', '2021-12-13 07:15:14', '2021-12-13 07:15:14')
,(123, '94ee9597-8acb-4cb6-bdc0-e72c8f035a48', 'en', 'Bad debt expense', '2021-12-13 07:15:14', '2021-12-13 07:15:14')
,(124, '4443c352-d8c9-4f70-865e-0f3e6673b038', 'en', 'Donations', '2021-12-13 07:15:14', '2021-12-13 07:15:14')
,(125, '1f88c444-c8b7-4419-b46f-e026e37210ef', 'en', 'Subscriptions', '2021-12-13 07:15:14', '2021-12-13 07:15:14')
,(126, 'd19b3ea1-82d9-4b99-a7df-757d05fb5fdb', 'en', 'Clothing costs', '2021-12-13 07:15:14', '2021-12-13 07:15:14')
,(127, '7dced02b-e114-497e-8ca7-fe1f7ea83d9c', 'en', 'Training costs', '2021-12-13 07:15:14', '2021-12-13 07:15:14')
,(128, '8c25feff-244a-4d71-9da7-04c932050f20', 'en', 'Insurance', '2021-12-13 07:15:14', '2021-12-13 07:15:14')
,(129, '93c57e08-badd-4e93-9f2d-165f32c762db', 'en', 'Refreshments', '2021-12-13 07:15:14', '2021-12-13 07:15:14')
,(130, '3acc2d70-0f12-4474-b8ee-2c021579a892', 'en', 'Suspense account', '2021-12-13 07:15:14', '2021-12-13 07:15:14')
,(131, '9dd23bd0-62eb-4d06-95e8-4f465b74deff', 'en', 'Clearing account', '2021-12-13 07:15:14', '2021-12-13 07:15:14')
,(132, '03ce37e2-0c66-4b43-8251-4ef3d45f44f9', 'en', 'Depreciation', '2021-12-13 07:15:14', '2021-12-13 07:15:14')
,(133, '64c8d9af-36be-4705-9120-eac8ad4a1d25', 'en', 'Property depreciation', '2021-12-13 07:15:14', '2021-12-13 07:15:14')
,(134, '6ecb2042-c47d-4bd1-a09d-361e993f337e', 'en', 'Plant depreciation', '2021-12-13 07:15:14', '2021-12-13 07:15:14')
,(135, 'c481a3f4-1c67-4226-a790-a1217eb37681', 'en', 'Equipment depreciation', '2021-12-13 07:15:14', '2021-12-13 07:15:14')
,(136, 'd55a3564-1e47-448b-9aa5-ba32e37b75df', 'en', 'Intellectual property amortization', '2021-12-13 07:15:14', '2021-12-13 07:15:14')
,(137, '02f148c2-598c-4a5d-a158-b1da5e2754e0', 'en', 'Finance Costs', '2021-12-13 07:15:14', '2021-12-13 07:15:14')
,(138, '1c72bac1-0ae2-4296-acf8-d63dd1457518', 'en', 'Interest expense', '2021-12-13 07:15:14', '2021-12-13 07:15:14')
,(139, '34c1602c-823c-4a0b-9eb1-7fb0225a6d2b', 'en', 'Bank fees', '2021-12-13 07:15:14', '2021-12-13 07:15:14')
,(140, '3f5f0123-ec00-4cd7-87fd-406bf335d4c6', 'en', 'Currency charges', '2021-12-13 07:15:14', '2021-12-13 07:15:14')
,(141, 'f7482a11-74dd-4f4c-80fc-711cf0aa4cc1', 'en', 'Income Taxes', '2021-12-13 07:15:14', '2021-12-13 07:15:14')
,(142, '35bc26bb-1221-4f68-a1ef-749fffa9321b', 'en', 'Federal Income Tax', '2021-12-13 07:15:14', '2021-12-13 07:15:14')
,(143, '9bd379fe-ac38-4894-80c7-6343b586d9a6', 'en', 'Administrative Subdomain Income Tax', '2021-12-13 07:15:14', '2021-12-13 07:15:14')
;
